{"accuracy": [0.979957640171051, 0.9785462021827698, 0.9780992865562439, 0.9790167212486267, 0.9779345989227295, 0.9791107773780823, 0.976311445236206, 0.978757917881012, 0.9785462021827698, 0.978828489780426, 0.9791813492774963, 0.9798635840415955, 0.9786873459815979, 0.9792754650115967, 0.979299008846283, 0.9780757427215576, 0.9792048931121826, 0.9790167212486267, 0.9791813492774963, 0.9798164963722229], "loss": [0.0484996996819973, 0.05041373521089554, 0.052773043513298035, 0.049643006175756454, 0.054349612444639206, 0.04952605441212654, 0.05747496336698532, 0.0495072565972805, 0.0500524528324604, 0.04873551055788994, 0.04913816228508949, 0.04832467436790466, 0.05039533972740173, 0.05029837414622307, 0.047632887959480286, 0.052284158766269684, 0.04747331142425537, 0.048848025500774384, 0.047721609473228455, 0.046351801604032516], "val_accuracy": [0.5975474715232849, 0.5995577573776245, 0.5879988074302673, 0.5832747220993042, 0.5832747220993042, 0.591617226600647, 0.5970449447631836, 0.5933259725570679, 0.5919187664985657, 0.5854859948158264, 0.5763393044471741, 0.5816664695739746, 0.5806613564491272, 0.5744295716285706, 0.5889034271240234, 0.5815659761428833, 0.5419639945030212, 0.5714142322540283, 0.562267541885376, 0.5653834342956543], "val_loss": [2.3324596881866455, 2.355987548828125, 2.7410504817962646, 2.630389928817749, 3.0560109615325928, 2.639812707901001, 2.5555760860443115, 2.678654193878174, 2.763723611831665, 2.806835889816284, 3.1845364570617676, 2.9354145526885986, 2.9967212677001953, 2.836081027984619, 2.8400397300720215, 3.0702531337738037, 3.787954092025757, 3.0777275562286377, 3.118098735809326, 3.246436595916748]}