{"accuracy": [0.9783868193626404, 0.9837054014205933, 0.9839425683021545, 0.9838634729385376, 0.9840216040611267, 0.9842022657394409, 0.9841684103012085, 0.9843603372573853, 0.9843603372573853, 0.9844281077384949, 0.9843603372573853, 0.9847894310951233, 0.9848233461380005, 0.9849023818969727, 0.9851394891738892, 0.9855121374130249, 0.9850265979766846, 0.9854444265365601, 0.9857831597328186, 0.9860090017318726], "loss": [0.07608025521039963, 0.04840756952762604, 0.04695981740951538, 0.04564362019300461, 0.04513775184750557, 0.04358834773302078, 0.043657395988702774, 0.04330962151288986, 0.042390644550323486, 0.04207629710435867, 0.04191821441054344, 0.04109620302915573, 0.04054227098822594, 0.04000231623649597, 0.03974197432398796, 0.039307959377765656, 0.039386965334415436, 0.03842977061867714, 0.03790543973445892, 0.037449244409799576], "val_accuracy": [0.5389942526817322, 0.8056679964065552, 0.826869785785675, 0.871617317199707, 0.8625612854957581, 0.8675687313079834, 0.876944363117218, 0.8600042462348938, 0.8846153616905212, 0.8812060356140137, 0.8819518685340881, 0.880460262298584, 0.8758789896965027, 0.8799275755882263, 0.8883443474769592, 0.8657575249671936, 0.8742808699607849, 0.8737481236457825, 0.8669294714927673, 0.8638397455215454], "val_loss": [0.7311646342277527, 0.4032248556613922, 0.36099973320961, 0.30804798007011414, 0.3382675349712372, 0.3358781039714813, 0.3477593958377838, 0.39276471734046936, 0.3562301695346832, 0.3874470889568329, 0.386488676071167, 0.40248942375183105, 0.5972704291343689, 0.5149419903755188, 0.4335455596446991, 0.8103716969490051, 0.822796642780304, 0.921799898147583, 1.0410643815994263, 1.0990948677062988]}