{"accuracy": [0.9907336831092834, 0.9909241795539856, 0.9903391003608704, 0.9912915825843811, 0.991101086139679, 0.9910874366760254, 0.9915364980697632, 0.9914548397064209, 0.9918358325958252, 0.9918358325958252, 0.9920399785041809, 0.9920943975448608, 0.9921488165855408, 0.9923393130302429, 0.9923664927482605, 0.9926250576972961, 0.9925162196159363, 0.9925162196159363, 0.992733895778656, 0.9929788112640381, 0.9928291440010071, 0.9928563833236694, 0.9929108023643494, 0.9931557178497314, 0.9932509660720825, 0.9929516315460205, 0.9933462142944336, 0.9933598041534424, 0.9933326244354248, 0.9935775399208069], "loss": [0.022397613152861595, 0.021572064608335495, 0.021928979083895683, 0.020060965791344643, 0.020618122071027756, 0.020410854369401932, 0.020854637026786804, 0.021076325327157974, 0.019824063405394554, 0.01891261339187622, 0.018690725788474083, 0.018721304833889008, 0.01810857094824314, 0.018463963642716408, 0.017917020246386528, 0.01751476712524891, 0.016797898337244987, 0.017037872225046158, 0.017612773925065994, 0.016130216419696808, 0.017081797122955322, 0.016642503440380096, 0.015990957617759705, 0.017204033210873604, 0.016214823350310326, 0.01702062226831913, 0.015682989731431007, 0.01573030836880207, 0.015463952906429768, 0.014898695982992649], "val_accuracy": [0.8630717992782593, 0.907906711101532, 0.7473492622375488, 0.7926890850067139, 0.8773099184036255, 0.8925577998161316, 0.8962940573692322, 0.8889225721359253, 0.8685246706008911, 0.8921539187431335, 0.9001312851905823, 0.8545895218849182, 0.8553973436355591, 0.8075330853462219, 0.8683227300643921, 0.8290417194366455, 0.8578208684921265, 0.6993840336799622, 0.7951126098632812, 0.6995859742164612, 0.6931232810020447, 0.7264465093612671, 0.7171564102172852, 0.6961526870727539, 0.603453516960144, 0.5944663286209106, 0.7477532029151917, 0.6461678147315979, 0.6572755575180054, 0.7283651232719421], "val_loss": [0.4174157679080963, 0.2565487325191498, 0.5718342065811157, 0.5209306478500366, 0.4536004662513733, 0.35644617676734924, 0.3181525766849518, 0.32452696561813354, 0.3828190267086029, 0.31698185205459595, 0.3140365779399872, 0.4513316750526428, 0.4775013327598572, 0.7727084755897522, 0.4389091730117798, 0.5160350799560547, 0.4610675275325775, 1.1317551136016846, 0.5559738278388977, 0.7021389007568359, 0.7726044058799744, 0.7350847721099854, 1.0439212322235107, 0.9689439535140991, 2.2586851119995117, 2.3498847484588623, 0.8883643746376038, 1.0751962661743164, 1.2122399806976318, 1.1181793212890625]}