{"accuracy": [0.9916539788246155, 0.9913753271102905, 0.9913885593414307, 0.9915875792503357, 0.9914283752441406, 0.9915610551834106, 0.9916141629219055, 0.9919060468673706, 0.9918131828308105, 0.9917468428611755, 0.9917335510253906, 0.9918529987335205, 0.9919193387031555, 0.9918928146362305, 0.9919060468673706, 0.9916672110557556, 0.9917600750923157, 0.9921448826789856, 0.9912558794021606, 0.9919325709342957], "loss": [0.021300259977579117, 0.021692657843232155, 0.021152393892407417, 0.021310631185770035, 0.021444452926516533, 0.02135092206299305, 0.020502053201198578, 0.020244499668478966, 0.02066976949572563, 0.020840853452682495, 0.0204111710190773, 0.020649684593081474, 0.02042444609105587, 0.019964853301644325, 0.019446875900030136, 0.019916538149118423, 0.020656168460845947, 0.019786661490797997, 0.01988864317536354, 0.019527381286025047], "val_accuracy": [0.8580445051193237, 0.86976557970047, 0.8642556667327881, 0.8562412261962891, 0.8615508079528809, 0.8487277030944824, 0.8551392555236816, 0.8615508079528809, 0.8580445051193237, 0.8543378114700317, 0.834902822971344, 0.8414145708084106, 0.8361049890518188, 0.8388098478317261, 0.8438189029693604, 0.8404127359390259, 0.8444199562072754, 0.839611291885376, 0.8379082083702087, 0.851933479309082], "val_loss": [0.6628437042236328, 0.5843781232833862, 0.6640206575393677, 0.7188463807106018, 0.6890479326248169, 0.8731939196586609, 0.7199364900588989, 0.675470769405365, 0.7566980719566345, 0.8572021722793579, 0.9840404987335205, 0.9542385339736938, 1.0326106548309326, 1.0449432134628296, 0.9423312544822693, 0.9152212142944336, 0.9810239672660828, 1.0525082349777222, 1.1176187992095947, 0.970094621181488]}