{"accuracy": [0.9899500012397766, 0.9900064468383789, 0.9895434379577637, 0.9898257851600647, 0.9900628924369812, 0.9900742173194885, 0.9897580146789551, 0.9901306629180908, 0.9899951219558716, 0.9901983737945557, 0.9901871085166931, 0.9903339147567749, 0.9900290369987488, 0.9897466897964478, 0.9905710220336914, 0.9906613826751709, 0.9903903603553772, 0.990638792514801, 0.989882230758667, 0.9903000593185425], "loss": [0.027770157903432846, 0.02811436913907528, 0.027974622324109077, 0.02778078429400921, 0.0275245513767004, 0.027241868898272514, 0.027862783521413803, 0.02708076685667038, 0.027952317148447037, 0.02666233666241169, 0.027011122554540634, 0.026447242125868797, 0.02699117548763752, 0.02739841118454933, 0.026530692353844643, 0.02625342831015587, 0.026714520528912544, 0.02556474320590496, 0.027786316350102425, 0.026292329654097557], "val_accuracy": [0.5215321183204651, 0.5215321183204651, 0.5215321183204651, 0.5215321183204651, 0.5215321183204651, 0.5215321183204651, 0.5215321183204651, 0.5215321183204651, 0.5215321183204651, 0.5215321183204651, 0.5215321183204651, 0.5215321183204651, 0.5215321183204651, 0.5215321183204651, 0.5215321183204651, 0.5215321183204651, 0.5215321183204651, 0.5215321183204651, 0.5215321183204651, 0.5215321183204651], "val_loss": [7.911991119384766, 7.8696980476379395, 7.907528400421143, 7.7725114822387695, 7.940210342407227, 7.95075798034668, 7.977406024932861, 8.056856155395508, 8.060464859008789, 8.068973541259766, 8.044819831848145, 7.836812496185303, 7.905862808227539, 8.049674987792969, 8.029536247253418, 8.034381866455078, 7.918996810913086, 7.915796279907227, 7.847220420837402, 7.8652520179748535]}