{"accuracy": [0.9754881262779236, 0.9754175543785095, 0.9761703014373779, 0.9762879610061646, 0.9761232733726501, 0.9772288799285889, 0.9775111675262451, 0.9776758551597595, 0.9766643047332764, 0.9765231609344482, 0.9773464798927307, 0.977440595626831, 0.9777699112892151, 0.9774170517921448, 0.9775111675262451, 0.977111279964447, 0.9773935675621033, 0.9775111675262451, 0.9780992865562439, 0.9777464270591736], "loss": [0.05948622152209282, 0.059599027037620544, 0.057821471244096756, 0.056432340294122696, 0.05845370888710022, 0.056350935250520706, 0.054356563836336136, 0.05480330437421799, 0.056252870708703995, 0.05681940168142319, 0.05562427267432213, 0.05434434860944748, 0.053510893136262894, 0.05362468585371971, 0.05368921160697937, 0.055036626756191254, 0.054148465394973755, 0.05282917246222496, 0.052630096673965454, 0.05313601717352867], "val_accuracy": [0.7420356869697571, 0.8106591701507568, 0.7678821682929993, 0.7483470439910889, 0.7203966975212097, 0.7563614249229431, 0.7544580101966858, 0.7555599808692932, 0.7650771141052246, 0.7340212464332581, 0.748547375202179, 0.7650771141052246, 0.6844319701194763, 0.7478461265563965, 0.7567621469497681, 0.7730915546417236, 0.7706872224807739, 0.7068723440170288, 0.7012622952461243, 0.7294129729270935], "val_loss": [0.9346708059310913, 0.7310304641723633, 0.984076738357544, 1.034747838973999, 1.0920294523239136, 1.0775123834609985, 1.131442904472351, 1.053413987159729, 1.0378471612930298, 1.1049871444702148, 1.087998867034912, 1.103084683418274, 1.4480849504470825, 1.0514194965362549, 1.0281931161880493, 1.0223902463912964, 1.0514389276504517, 1.2314802408218384, 1.3196933269500732, 1.1576162576675415]}