{"accuracy": [0.995890736579895, 0.9959723353385925, 0.9955097436904907, 0.9959179162979126, 0.9958362579345703, 0.996339738368988, 0.9960131645202637, 0.9958362579345703, 0.9959587454795837, 0.9960131645202637, 0.9962853193283081, 0.9957682490348816, 0.9961764812469482, 0.995795488357544, 0.9964349865913391, 0.9958499073982239, 0.9964077472686768, 0.9962036609649658, 0.9961356520652771, 0.9960812330245972, 0.9959859848022461, 0.9961356520652771, 0.9961356520652771, 0.9965846538543701, 0.9960812330245972, 0.9961356520652771, 0.9960812330245972, 0.9962036609649658, 0.9962853193283081, 0.9964213967323303], "loss": [0.009977374225854874, 0.010553402826189995, 0.01056717336177826, 0.010458169505000114, 0.01011927891522646, 0.010363073088228703, 0.01069051492959261, 0.01002582535147667, 0.010361404158174992, 0.00973108597099781, 0.010072623379528522, 0.010493638925254345, 0.009863009676337242, 0.009847541339695454, 0.009278906509280205, 0.009763257578015327, 0.009887668304145336, 0.009871459566056728, 0.010166277177631855, 0.009683541022241116, 0.01000508014112711, 0.00953519344329834, 0.010068710893392563, 0.008679901249706745, 0.009611954912543297, 0.009478460997343063, 0.00987134501338005, 0.009846125729382038, 0.009386003948748112, 0.009501546621322632], "val_accuracy": [0.8797869086265564, 0.7713338136672974, 0.7757563591003418, 0.8090260624885559, 0.7942506670951843, 0.8364659547805786, 0.8782792091369629, 0.8423961997032166, 0.8808925747871399, 0.8833048343658447, 0.8908432722091675, 0.8946627974510193, 0.8861191868782043, 0.8770730495452881, 0.8541561961174011, 0.8402854800224304, 0.8950648307800293, 0.8846115469932556, 0.8147552609443665, 0.8049049973487854, 0.7733440399169922, 0.7768620252609253, 0.8515428900718689, 0.7582671642303467, 0.7868127226829529, 0.8316413760185242, 0.8343552350997925, 0.8356618881225586, 0.8066137433052063, 0.849030077457428], "val_loss": [0.8607438206672668, 2.0011022090911865, 1.957361102104187, 1.333800196647644, 1.6932145357131958, 1.1840734481811523, 0.8703368902206421, 1.0315065383911133, 0.7603432536125183, 0.7023828625679016, 0.6788133382797241, 0.7146857976913452, 0.7717360258102417, 0.6176283955574036, 0.8576492071151733, 1.3343966007232666, 0.5630789995193481, 0.6450657248497009, 1.4511879682540894, 1.617832064628601, 1.9368294477462769, 2.021695375442505, 0.9998125433921814, 2.187060594558716, 1.87888503074646, 1.3654946088790894, 1.1927459239959717, 1.2880579233169556, 1.7596924304962158, 1.0940210819244385]}