{"accuracy": [0.983015775680542, 0.9831098318099976, 0.9839802384376526, 0.9832980632781982, 0.9834862351417542, 0.9842860698699951, 0.983345091342926, 0.9843566417694092, 0.9847800731658936, 0.9848976731300354, 0.9848506450653076, 0.9851329326629639, 0.9853916764259338, 0.9859562516212463, 0.985274076461792, 0.9849447011947632, 0.9854387044906616, 0.9856269359588623, 0.9863796830177307, 0.9862385392189026, 0.987320601940155, 0.9869207143783569, 0.9864502549171448, 0.9875558614730835, 0.9869442582130432, 0.9863326549530029, 0.987250030040741, 0.9870618581771851, 0.9885203242301941, 0.988379180431366], "loss": [0.0387282520532608, 0.03927471861243248, 0.03798951208591461, 0.039279475808143616, 0.03622349351644516, 0.03507549315690994, 0.03672557696700096, 0.03611636534333229, 0.03546859323978424, 0.03509395569562912, 0.03567918390035629, 0.034398045390844345, 0.03392084315419197, 0.03250660374760628, 0.033721935003995895, 0.03310101106762886, 0.03396660462021828, 0.03256349265575409, 0.03157670795917511, 0.0311527568846941, 0.030287204310297966, 0.02985359914600849, 0.030761633068323135, 0.02888515591621399, 0.029399381950497627, 0.03006398305296898, 0.029784714803099632, 0.02922210842370987, 0.028352709487080574, 0.02763824351131916], "val_accuracy": [0.8563061952590942, 0.8349995017051697, 0.8671109676361084, 0.8520650267601013, 0.8709481954574585, 0.8745834827423096, 0.8623649477958679, 0.8976067900657654, 0.9059880971908569, 0.9184085726737976, 0.8889225721359253, 0.9348682165145874, 0.9270927906036377, 0.9280016422271729, 0.930526077747345, 0.9289104342460632, 0.90831059217453, 0.9005351662635803, 0.9237604737281799, 0.9197213053703308, 0.9237604737281799, 0.9362819194793701, 0.9222458004951477, 0.899828314781189, 0.8773099184036255, 0.9149752855300903, 0.919115424156189, 0.9441583156585693, 0.9366858601570129, 0.9444612860679626], "val_loss": [0.5006941556930542, 0.6253244876861572, 0.47051113843917847, 0.5529372692108154, 0.5923992991447449, 0.5680701732635498, 0.5826835036277771, 0.39336907863616943, 0.4059755504131317, 0.36150819063186646, 0.4828101098537445, 0.30792075395584106, 0.30759719014167786, 0.28638920187950134, 0.3864336311817169, 0.40924301743507385, 0.35902413725852966, 0.41665399074554443, 0.35007762908935547, 0.36663198471069336, 0.43986833095550537, 0.4132692217826843, 0.3977014422416687, 0.48099762201309204, 0.6642020344734192, 0.43016040325164795, 0.40553078055381775, 0.3785150647163391, 0.5175696015357971, 0.37964847683906555]}