{"accuracy": [0.9975983500480652, 0.9973728060722351, 0.9975453019142151, 0.9975320100784302, 0.9978106617927551, 0.9977973699569702, 0.9978106617927551, 0.9978371858596802, 0.9975585341453552, 0.9975983500480652, 0.9977841377258301, 0.9979433417320251, 0.9977708458900452, 0.9979963898658752, 0.9974523782730103, 0.9975718259811401, 0.9978637099266052, 0.9979963898658752, 0.9977575540542603, 0.9978637099266052, 0.9976248741149902, 0.9979035258293152, 0.9978371858596802, 0.9975983500480652, 0.9977708458900452, 0.9978371858596802, 0.9980362057685852, 0.9982352256774902, 0.9979831576347351, 0.9978371858596802], "loss": [0.00614585867151618, 0.006596424616873264, 0.006951816380023956, 0.006521629635244608, 0.005877507384866476, 0.005608187522739172, 0.006309495307505131, 0.006088793743401766, 0.006746446248143911, 0.005855032708495855, 0.005788539536297321, 0.006056907121092081, 0.005868210922926664, 0.005145932547748089, 0.007078072987496853, 0.006532095372676849, 0.005755705758929253, 0.006208749953657389, 0.005750569980591536, 0.005902846343815327, 0.006671013776212931, 0.005416092462837696, 0.005457056220620871, 0.0058531626127660275, 0.006233638618141413, 0.006053181365132332, 0.005571094341576099, 0.0052072759717702866, 0.005397683009505272, 0.006171870045363903], "val_accuracy": [0.8152577877044678, 0.8182731866836548, 0.7375615835189819, 0.7235903143882751, 0.800080418586731, 0.7729420065879822, 0.5580460429191589, 0.5981505513191223, 0.6248869299888611, 0.7512312531471252, 0.5796562433242798, 0.6718263030052185, 0.7105236649513245, 0.7329379916191101, 0.6059905290603638, 0.6517238020896912, 0.8165645003318787, 0.7060006260871887, 0.7040908336639404, 0.7083123922348022, 0.6701176166534424, 0.7858076095581055, 0.7214795351028442, 0.8330485224723816, 0.881797194480896, 0.895366370677948, 0.8740577101707458, 0.8289275169372559, 0.6877073049545288, 0.7887224555015564], "val_loss": [0.9898332953453064, 1.0676945447921753, 1.5854589939117432, 1.7870051860809326, 1.1685580015182495, 1.2132567167282104, 4.90352201461792, 3.641559362411499, 3.450395107269287, 1.5372438430786133, 4.221900463104248, 2.81441593170166, 2.0765810012817383, 1.8658543825149536, 3.6731672286987305, 2.8749992847442627, 1.0665693283081055, 2.087031841278076, 2.1593010425567627, 2.2077879905700684, 2.7733213901519775, 1.5111619234085083, 2.0883169174194336, 1.2281885147094727, 0.8250875473022461, 0.49081939458847046, 0.5051380395889282, 1.0696665048599243, 2.3750975131988525, 1.354544758796692]}