{"accuracy": [0.9861670732498169, 0.9861670732498169, 0.9863477945327759, 0.9868559241294861, 0.9864380955696106, 0.9866978526115417, 0.986754298210144, 0.9870139956474304, 0.9872737526893616, 0.9873414635658264, 0.9876689314842224, 0.9876915216445923, 0.9880867600440979, 0.9881093502044678, 0.9874430894851685, 0.9882223010063171, 0.9882787466049194, 0.987860918045044, 0.9879851341247559, 0.9882223010063171], "loss": [0.03668097406625748, 0.03646363690495491, 0.036381714046001434, 0.035369809716939926, 0.03493029996752739, 0.03489994257688522, 0.0349540039896965, 0.03415128216147423, 0.03376799821853638, 0.034074921160936356, 0.033029090613126755, 0.033007923513650894, 0.032492220401763916, 0.032429564744234085, 0.033414389938116074, 0.032278139144182205, 0.03189598023891449, 0.03180895000696182, 0.032018523663282394, 0.03138590231537819], "val_accuracy": [0.5990104079246521, 0.601938784122467, 0.6072907447814941, 0.6376855373382568, 0.6148641705513, 0.6118348240852356, 0.6132485270500183, 0.6112289428710938, 0.6028476357460022, 0.6116328239440918, 0.6058769822120667, 0.6108250021934509, 0.5817428827285767, 0.6039583683013916, 0.5952741503715515, 0.5511460900306702, 0.540543258190155, 0.5704331994056702, 0.594971239566803, 0.5902251601219177], "val_loss": [3.969257354736328, 3.834685802459717, 3.8407838344573975, 3.1621510982513428, 3.420475959777832, 3.6577579975128174, 3.7101869583129883, 3.9997270107269287, 4.43544864654541, 4.3015456199646, 4.212577819824219, 4.059375762939453, 4.993564128875732, 4.674387454986572, 4.341506481170654, 5.292309761047363, 5.4082231521606445, 5.264734745025635, 4.576868534088135, 4.757613658905029]}