{"accuracy": [0.99397212266922, 0.993373453617096, 0.993768036365509, 0.9940265417098999, 0.9938496947288513, 0.9937952160835266, 0.99391770362854, 0.993672788143158, 0.9937407970428467, 0.993768036365509, 0.9938768744468689, 0.9940401911735535, 0.9939585328102112, 0.994271457195282, 0.9937544465065002, 0.9939312934875488, 0.9942034482955933, 0.9939993619918823, 0.9944075345993042, 0.994121789932251, 0.994217038154602, 0.9943803548812866, 0.9945708513259888, 0.9944756031036377, 0.9943531155586243, 0.9947885274887085, 0.9943939447402954, 0.9943667054176331, 0.9949654340744019, 0.9947885274887085], "loss": [0.014976350590586662, 0.015513734892010689, 0.015126606449484825, 0.0145313935354352, 0.013798101805150509, 0.015093502588570118, 0.014764274470508099, 0.014088930562138557, 0.014208044856786728, 0.014634447172284126, 0.014732173644006252, 0.014295730739831924, 0.013740764930844307, 0.013899676501750946, 0.01358684990555048, 0.012916010804474354, 0.01313832774758339, 0.013847416266798973, 0.0121231097728014, 0.013763844035565853, 0.013089483603835106, 0.013086353428661823, 0.012428983114659786, 0.012279841117560863, 0.01264026015996933, 0.012048086151480675, 0.012923449277877808, 0.012738615274429321, 0.012064551934599876, 0.012185689993202686], "val_accuracy": [0.7952314019203186, 0.8798837661743164, 0.7836105227470398, 0.8351032137870789, 0.7586656212806702, 0.7752955555915833, 0.8478260636329651, 0.883089542388916, 0.8934081196784973, 0.8699659109115601, 0.9024243354797363, 0.9062312245368958, 0.8722701072692871, 0.8967140913009644, 0.8914045095443726, 0.8799839615821838, 0.8942095637321472, 0.8924063444137573, 0.8798837661743164, 0.8337006568908691, 0.8658585548400879, 0.9066319465637207, 0.8932077884674072, 0.8727709650993347, 0.8959126472473145, 0.8797836303710938, 0.8716689944267273, 0.8838909864425659, 0.8147665858268738, 0.8016429543495178], "val_loss": [1.0275503396987915, 0.5514071583747864, 1.1691434383392334, 0.7339881062507629, 1.1659280061721802, 1.171863079071045, 0.843525767326355, 0.5635359883308411, 0.5033368468284607, 0.7257596254348755, 0.4835202395915985, 0.48716145753860474, 0.6672053337097168, 0.5105905532836914, 0.5094335079193115, 0.6577282547950745, 0.5248424410820007, 0.5312087535858154, 0.744997501373291, 1.074401617050171, 0.6998074054718018, 0.5925883054733276, 0.5920919179916382, 0.7901251316070557, 0.6948418617248535, 0.718100368976593, 0.6933597326278687, 0.6245212554931641, 1.2520363330841064, 1.3102729320526123]}