{"accuracy": [0.9907922148704529, 0.9902459979057312, 0.990675151348114, 0.9907922148704529, 0.9909678101539612, 0.9902459979057312, 0.9906166195869446, 0.9908897876739502, 0.991318941116333, 0.9909092783927917, 0.9908897876739502, 0.9915140271186829, 0.9903825521469116, 0.9910067915916443, 0.991396963596344, 0.9911043643951416, 0.9910458326339722, 0.9910458326339722, 0.9909287691116333, 0.9911823868751526, 0.9916115403175354, 0.9914554953575134, 0.9920797348022461, 0.9916700720787048, 0.991553008556366, 0.9919041991233826, 0.9917480945587158, 0.9920602440834045, 0.992274820804596, 0.9923918843269348], "loss": [0.021900353953242302, 0.022355932742357254, 0.022220462560653687, 0.02208143100142479, 0.021928876638412476, 0.021535366773605347, 0.021095197647809982, 0.02145685814321041, 0.020404819399118423, 0.021037660539150238, 0.021274518221616745, 0.01972223073244095, 0.020463963970541954, 0.019841652363538742, 0.0199479591101408, 0.019846642389893532, 0.020157458260655403, 0.019819943234324455, 0.020467212423682213, 0.021537108346819878, 0.019087186083197594, 0.018495703116059303, 0.01862523704767227, 0.018607143312692642, 0.018634606152772903, 0.019169291481375694, 0.01886686123907566, 0.01878136396408081, 0.017242787405848503, 0.018483303487300873], "val_accuracy": [0.5056101083755493, 0.5511921644210815, 0.557002604007721, 0.5360649228096008, 0.517431378364563, 0.5472851395606995, 0.5105189085006714, 0.5618112683296204, 0.5308555364608765, 0.539170503616333, 0.5672209858894348, 0.6043878793716431, 0.5851532816886902, 0.6202163696289062, 0.5662192106246948, 0.6261270046234131, 0.6559807658195496, 0.5942696928977966, 0.5798436999320984, 0.6329392790794373, 0.622620701789856, 0.6015828251838684, 0.62923264503479, 0.5977759957313538, 0.6393508315086365, 0.5631136298179626, 0.6453616619110107, 0.6555800437927246, 0.6372470259666443, 0.6580845713615417], "val_loss": [10.754307746887207, 6.979919910430908, 6.95697546005249, 8.153670310974121, 8.763885498046875, 7.557279586791992, 10.412729263305664, 6.913485527038574, 8.130339622497559, 7.967644691467285, 7.776979923248291, 6.378850936889648, 5.394778728485107, 5.6313276290893555, 6.082019805908203, 4.587393283843994, 4.294695854187012, 5.316235542297363, 5.9824934005737305, 5.4253830909729, 5.935434818267822, 6.338932514190674, 5.940304279327393, 6.73463249206543, 5.541276454925537, 7.525144577026367, 4.530231952667236, 4.129491806030273, 6.025770664215088, 3.56427264213562]}