{"accuracy": [0.9918651580810547, 0.9920602440834045, 0.9923138618469238, 0.9922358393669128, 0.9917676448822021, 0.9917676448822021, 0.9920797348022461, 0.9924893975257874, 0.992274820804596, 0.9923528432846069, 0.992118775844574, 0.9925089478492737, 0.9918066263198853, 0.9928015470504761, 0.9928210377693176, 0.9928600788116455, 0.9924893975257874, 0.992957592010498, 0.9927430152893066, 0.9927625060081482, 0.9925674200057983, 0.9931526780128479, 0.9928015470504761, 0.9931721687316895, 0.9925089478492737, 0.9926259517669678, 0.9934062957763672, 0.9939720034599304, 0.9927235245704651, 0.9931917190551758], "loss": [0.018827954307198524, 0.017891548573970795, 0.017806190997362137, 0.01786196231842041, 0.018784159794449806, 0.019015846773982048, 0.017500832676887512, 0.017634762451052666, 0.01673513650894165, 0.016701437532901764, 0.017709607258439064, 0.01706627756357193, 0.019071443006396294, 0.015992652624845505, 0.016415413469076157, 0.016105124726891518, 0.01738792657852173, 0.01625463180243969, 0.01661752350628376, 0.014794377610087395, 0.016708051785826683, 0.016066109761595726, 0.01575523242354393, 0.015117093920707703, 0.016228754073381424, 0.01594676449894905, 0.015464598312973976, 0.013890331611037254, 0.01655442640185356, 0.015649553388357162], "val_accuracy": [0.5721532106399536, 0.5787784457206726, 0.5992753505706787, 0.5905796885490417, 0.6092132329940796, 0.5414078831672668, 0.5875776410102844, 0.5791925191879272, 0.600103497505188, 0.6047618985176086, 0.5994824171066284, 0.5985507369041443, 0.6461697816848755, 0.6686335206031799, 0.6340579986572266, 0.64140784740448, 0.6394410133361816, 0.643478274345398, 0.6387163400650024, 0.6758798956871033, 0.6632505059242249, 0.6635611057281494, 0.6449275612831116, 0.6542443037033081, 0.6472049951553345, 0.6445134282112122, 0.6765010356903076, 0.6606625318527222, 0.6507246494293213, 0.6503105759620667], "val_loss": [4.625389575958252, 5.156100273132324, 4.90770149230957, 4.583428382873535, 4.166506767272949, 5.693703651428223, 4.358046531677246, 5.157589912414551, 5.47747802734375, 5.505041122436523, 5.24540376663208, 5.616515636444092, 4.457729816436768, 3.8598530292510986, 4.670717239379883, 5.065096378326416, 4.908669948577881, 4.7344770431518555, 4.728508949279785, 3.96602201461792, 4.10081148147583, 4.1046929359436035, 4.423839092254639, 4.565375804901123, 4.393329620361328, 4.1620306968688965, 3.533315896987915, 3.9051032066345215, 4.4164228439331055, 3.9048686027526855]}