{"accuracy": [0.9906845688819885, 0.9916960597038269, 0.9915549159049988, 0.9923782348632812, 0.9917431473731995, 0.9917901754379272, 0.9917431473731995, 0.9919783473014832, 0.9916490316390991, 0.9919313192367554, 0.9916254878044128, 0.9922841787338257, 0.9925193786621094, 0.9926605224609375, 0.9912961721420288, 0.9923547506332397, 0.9922370910644531, 0.9920724630355835, 0.9922136068344116, 0.992637038230896, 0.9927546381950378, 0.992895781993866, 0.9921665787696838, 0.9925193786621094, 0.9923782348632812, 0.9918607473373413, 0.9918842911720276, 0.9925899505615234, 0.9919548630714417, 0.9924017786979675], "loss": [0.020929500460624695, 0.0185225997120142, 0.019497577100992203, 0.019098030403256416, 0.02134268544614315, 0.018983591347932816, 0.020205816254019737, 0.019423888996243477, 0.020534174516797066, 0.018991269171237946, 0.019846415147185326, 0.018555160611867905, 0.01851794682443142, 0.01837661676108837, 0.021194960922002792, 0.018347103148698807, 0.01900448463857174, 0.020080700516700745, 0.019422652199864388, 0.019605541601777077, 0.018562328070402145, 0.017375199124217033, 0.018618520349264145, 0.019104614853858948, 0.01759466901421547, 0.017844824120402336, 0.018204418942332268, 0.01773045025765896, 0.01998709887266159, 0.018789079040288925], "val_accuracy": [0.5710121393203735, 0.5326163172721863, 0.5298019647598267, 0.5009548664093018, 0.49844205379486084, 0.5232686996459961, 0.519348680973053, 0.5034676790237427, 0.5007538199424744, 0.5080912709236145, 0.5237712264060974, 0.5402553081512451, 0.5992562174797058, 0.5202533006668091, 0.6368479132652283, 0.601869523525238, 0.6198613047599792, 0.5902100801467896, 0.6217710375785828, 0.7204744219779968, 0.6914262771606445, 0.6873052716255188, 0.52357017993927, 0.5718162655830383, 0.6157402992248535, 0.6187556385993958, 0.530003011226654, 0.6549401879310608, 0.6105136275291443, 0.5064830780029297], "val_loss": [4.515790939331055, 4.996177673339844, 5.94811487197876, 6.951998710632324, 7.658923149108887, 4.978373050689697, 5.3701395988464355, 6.5620222091674805, 6.495486259460449, 5.779769420623779, 4.879127502441406, 4.391973972320557, 3.336484432220459, 5.05020809173584, 3.036309242248535, 3.3069729804992676, 3.172133445739746, 3.5229122638702393, 3.246641159057617, 2.0688228607177734, 2.530217170715332, 2.1915905475616455, 5.27144718170166, 3.556389570236206, 3.0214781761169434, 3.1070353984832764, 4.898549556732178, 2.5496580600738525, 3.362785816192627, 6.709391117095947]}