{"accuracy": [0.9903790950775146, 0.9906275272369385, 0.9907517433166504, 0.9903000593185425, 0.9909549951553345, 0.9904016852378845, 0.9903903603553772, 0.9907178282737732, 0.9911243319511414, 0.9907517433166504, 0.9905145764350891, 0.991293728351593, 0.9909210801124573, 0.9903677701950073, 0.9894983172416687, 0.9910678863525391, 0.9908194541931152, 0.9907855987548828, 0.9910114407539368, 0.9906275272369385], "loss": [0.026407843455672264, 0.026605578139424324, 0.025640472769737244, 0.026183348149061203, 0.025351621210575104, 0.025986256077885628, 0.027037205174565315, 0.02549557574093342, 0.02482045814394951, 0.025514252483844757, 0.02626517415046692, 0.024327458813786507, 0.025244733318686485, 0.0264416616410017, 0.029396677389740944, 0.024661222472786903, 0.025731174275279045, 0.025438107550144196, 0.025435589253902435, 0.026455774903297424], "val_accuracy": [0.5028645992279053, 0.5028645992279053, 0.5028645992279053, 0.5028645992279053, 0.5028645992279053, 0.5028645992279053, 0.5028645992279053, 0.5028645992279053, 0.5028645992279053, 0.5028645992279053, 0.5028645992279053, 0.5028645992279053, 0.5028645992279053, 0.5028645992279053, 0.5028645992279053, 0.5028645992279053, 0.5028645992279053, 0.5028645992279053, 0.5028645992279053, 0.5028645992279053], "val_loss": [7.5016584396362305, 7.099534034729004, 7.487696647644043, 7.235841274261475, 7.561044216156006, 7.567295551300049, 7.35989236831665, 7.442249774932861, 7.603334903717041, 7.623233318328857, 7.5021867752075195, 7.668990135192871, 7.733818054199219, 7.378147125244141, 7.447650909423828, 7.862807273864746, 8.007508277893066, 8.160049438476562, 8.158791542053223, 8.39171028137207]}