{"accuracy": [0.9891144633293152, 0.9894137978553772, 0.9894682168960571, 0.9894818663597107, 0.9896179437637329, 0.9898084402084351, 0.9894002079963684, 0.989862859249115, 0.9897676110267639, 0.9897267818450928, 0.9896859526634216, 0.9899716973304749, 0.9898356199264526, 0.9901486039161682, 0.9895771145820618, 0.990311861038208, 0.9903799295425415, 0.9897947907447815, 0.9903662800788879, 0.9906928539276123], "loss": [0.027772117406129837, 0.027237197384238243, 0.027126334607601166, 0.02789740450680256, 0.026431428268551826, 0.026628313586115837, 0.0269672479480505, 0.025459401309490204, 0.026536040008068085, 0.02603391744196415, 0.026401743292808533, 0.025365697219967842, 0.02548842877149582, 0.024832531809806824, 0.02628878876566887, 0.024936847388744354, 0.02479814738035202, 0.02633027918636799, 0.024493345990777016, 0.024081813171505928], "val_accuracy": [0.5121117830276489, 0.5121117830276489, 0.5121117830276489, 0.5121117830276489, 0.5121117830276489, 0.5121117830276489, 0.5121117830276489, 0.5121117830276489, 0.5121117830276489, 0.5121117830276489, 0.5121117830276489, 0.5121117830276489, 0.5121117830276489, 0.5121117830276489, 0.5121117830276489, 0.5121117830276489, 0.5121117830276489, 0.5121117830276489, 0.5121117830276489, 0.5121117830276489], "val_loss": [9.345458984375, 9.430953025817871, 9.371371269226074, 9.272005081176758, 9.393375396728516, 9.448690414428711, 9.496942520141602, 9.537494659423828, 9.567118644714355, 9.511991500854492, 9.511711120605469, 9.589862823486328, 9.628327369689941, 9.632413864135742, 9.69117259979248, 9.773085594177246, 9.890609741210938, 9.90694808959961, 10.041783332824707, 9.94494342803955]}