{"accuracy": [0.9905145764350891, 0.9904581308364868, 0.9906162023544312, 0.990966260433197, 0.9913840889930725, 0.9908872246742249, 0.9913389086723328, 0.9913502335548401, 0.9912146925926208, 0.9914631247520447, 0.9918922185897827, 0.9916437864303589, 0.9917002320289612, 0.9919148087501526, 0.992129385471344, 0.9918922185897827, 0.9925697445869446, 0.9926601052284241, 0.992558479309082, 0.9929649829864502, 0.9927955865859985, 0.9928295016288757, 0.9926939606666565, 0.9932698607444763, 0.9931795597076416, 0.9931682348251343, 0.993213415145874, 0.9930891990661621, 0.9934618473052979, 0.9934844374656677], "loss": [0.024244286119937897, 0.02417789399623871, 0.023564189672470093, 0.023313090205192566, 0.022332843393087387, 0.022183801978826523, 0.0217218529433012, 0.02198123186826706, 0.020929843187332153, 0.020981652662158012, 0.020722433924674988, 0.019940372556447983, 0.0204903744161129, 0.01934189349412918, 0.019416537135839462, 0.01937311887741089, 0.019006280228495598, 0.01892256736755371, 0.018114609643816948, 0.01909789815545082, 0.017878884449601173, 0.01743650622665882, 0.018189050257205963, 0.017041455954313278, 0.016367267817258835, 0.016895359382033348, 0.016239501535892487, 0.017386751249432564, 0.01675194501876831, 0.016281908378005028], "val_accuracy": [0.564677357673645, 0.580329179763794, 0.5759871006011963, 0.5655862092971802, 0.5976976752281189, 0.5877007246017456, 0.5825507640838623, 0.5845703482627869, 0.5867918729782104, 0.5751792192459106, 0.5892153978347778, 0.5744723677635193, 0.5768958926200867, 0.5631626844406128, 0.5840654373168945, 0.5883065462112427, 0.5537715554237366, 0.5900232195854187, 0.6137533783912659, 0.5414521098136902, 0.5887104868888855, 0.5450873374938965, 0.5431687235832214, 0.5480157732963562, 0.5637685656547546, 0.5537715554237366, 0.5426638126373291, 0.5409471988677979, 0.5220640301704407, 0.6052711009979248], "val_loss": [6.59442138671875, 5.975985050201416, 6.178639888763428, 6.5332465171813965, 4.254151821136475, 6.0044050216674805, 6.372403621673584, 5.404460430145264, 5.087610721588135, 6.376280307769775, 5.349102973937988, 6.877955913543701, 7.382343769073486, 7.274699687957764, 5.9642109870910645, 5.84296178817749, 7.255486965179443, 6.418824195861816, 5.180665969848633, 7.810726642608643, 7.043985366821289, 8.102899551391602, 8.063216209411621, 7.364469528198242, 7.037913799285889, 7.697067737579346, 8.477873802185059, 8.9487943649292, 9.670697212219238, 6.06565523147583]}