{"accuracy": [0.992957592010498, 0.9930941462516785, 0.993035614490509, 0.9930161237716675, 0.9938159584999084, 0.9938159584999084, 0.9936208724975586, 0.9936208724975586, 0.9939720034599304, 0.9932502508163452, 0.9932892322540283, 0.993757426738739, 0.993913471698761, 0.9938744902610779, 0.9941085577011108, 0.9943036437034607, 0.9940695762634277, 0.9942841529846191, 0.9940695762634277, 0.9943036437034607, 0.9934062957763672, 0.9939915537834167, 0.993757426738739, 0.9940110445022583, 0.99455726146698, 0.9934648275375366, 0.9936988949775696, 0.9938744902610779, 0.9936988949775696, 0.994401216506958], "loss": [0.015950927510857582, 0.016133520752191544, 0.015264299698174, 0.014977607876062393, 0.014655527658760548, 0.013834983110427856, 0.014917377382516861, 0.015164048410952091, 0.014959287829697132, 0.015152934938669205, 0.015447336249053478, 0.014077793806791306, 0.014717746526002884, 0.013993093743920326, 0.014236677438020706, 0.014752931892871857, 0.01481072511523962, 0.01383870281279087, 0.013862094841897488, 0.013829373754560947, 0.01646553911268711, 0.013920960947871208, 0.013684946112334728, 0.014109356328845024, 0.013345411978662014, 0.014690743759274483, 0.013654290698468685, 0.014047844335436821, 0.015139637514948845, 0.013889607973396778], "val_accuracy": [0.5373404622077942, 0.5378429889678955, 0.5433712005615234, 0.5378429889678955, 0.5357322096824646, 0.5362347960472107, 0.5418635010719299, 0.5418635010719299, 0.5399537682533264, 0.5383455753326416, 0.5360337495803833, 0.5407578945159912, 0.5360337495803833, 0.5348276495933533, 0.5419639945030212, 0.542768120765686, 0.542768120765686, 0.5373404622077942, 0.5336214900016785, 0.5426676273345947, 0.5403558015823364, 0.5369383692741394, 0.5360337495803833, 0.5408583879470825, 0.5418635010719299, 0.5396522283554077, 0.5385465621948242, 0.5378429889678955, 0.539350688457489, 0.5420645475387573], "val_loss": [18.31962013244629, 16.178897857666016, 17.112781524658203, 18.220169067382812, 16.755064010620117, 20.244901657104492, 18.635995864868164, 18.406436920166016, 18.64740562438965, 19.073389053344727, 19.624853134155273, 20.333999633789062, 19.703174591064453, 19.430818557739258, 19.126089096069336, 17.70288848876953, 17.46119499206543, 19.224882125854492, 20.04427719116211, 17.214845657348633, 16.408355712890625, 18.49570655822754, 20.13845443725586, 20.926576614379883, 20.50714111328125, 20.177410125732422, 20.59245491027832, 21.346168518066406, 21.760984420776367, 21.116710662841797]}