{"accuracy": [0.9923837184906006, 0.9928083419799805, 0.9926225543022156, 0.9925429821014404, 0.9927552342414856, 0.9931135177612305, 0.9930206537246704, 0.9923571944236755, 0.9925429821014404, 0.9927552342414856, 0.9929277300834656, 0.9930338859558105, 0.9930338859558105, 0.9925960302352905, 0.9929410219192505, 0.9932063817977905, 0.9925163984298706, 0.9930869936943054, 0.9922112226486206, 0.9930338859558105], "loss": [0.018500296398997307, 0.017184076830744743, 0.01796554960310459, 0.017183560878038406, 0.01767229102551937, 0.016381429508328438, 0.016773130744695663, 0.017959611490368843, 0.017409469932317734, 0.016957497224211693, 0.016793573275208473, 0.017165344208478928, 0.016554661095142365, 0.017401238903403282, 0.01706005074083805, 0.01715422049164772, 0.01768268086016178, 0.016412150114774704, 0.018349625170230865, 0.017484482377767563], "val_accuracy": [0.6544376611709595, 0.6419740915298462, 0.6477032899856567, 0.6475022435188293, 0.650316596031189, 0.6444869041442871, 0.640968918800354, 0.6484068632125854, 0.6557443141937256, 0.6522263288497925, 0.6422756314277649, 0.6392602324485779, 0.6412704586982727, 0.6381545662879944, 0.6416725516319275, 0.6403658390045166, 0.6362448334693909, 0.6400642991065979, 0.6366469264030457, 0.6421750783920288], "val_loss": [5.940367698669434, 6.29596471786499, 6.132472515106201, 6.185921669006348, 6.098261833190918, 6.235023498535156, 6.409435272216797, 6.2926154136657715, 6.0830159187316895, 6.312580108642578, 6.516024112701416, 6.609038829803467, 6.551479339599609, 6.564721584320068, 6.4691643714904785, 6.56664514541626, 6.678739070892334, 6.570151329040527, 6.719534397125244, 6.471728324890137]}