{"accuracy": [0.9832311272621155, 0.9840893149375916, 0.9842361211776733, 0.9841570854187012, 0.9842926263809204, 0.9840667843818665, 0.9839651584625244, 0.9842361211776733, 0.9844168424606323, 0.9845635890960693, 0.9849136471748352, 0.9849927425384521, 0.9858396053314209, 0.9859299659729004, 0.9863816499710083, 0.9869011044502258, 0.9872737526893616, 0.9875108599662781, 0.9881545305252075, 0.9882561564445496, 0.9888207316398621, 0.9887416958808899, 0.9890804886817932, 0.9891821146011353, 0.9897580146789551, 0.9899048209190369, 0.9899612665176392, 0.9899160861968994, 0.9904581308364868, 0.9902887344360352], "loss": [0.05275166779756546, 0.0451119989156723, 0.04400498420000076, 0.042868055403232574, 0.04261709004640579, 0.0417223758995533, 0.041695673018693924, 0.04114900156855583, 0.040676869451999664, 0.04051509127020836, 0.03938858583569527, 0.03893432021141052, 0.03687642887234688, 0.036547139286994934, 0.035076431930065155, 0.03415576368570328, 0.03313003107905388, 0.03222441300749779, 0.031170878559350967, 0.03073560632765293, 0.029545551165938377, 0.029452746734023094, 0.028921805322170258, 0.02793787606060505, 0.02746758423745632, 0.02705754153430462, 0.027145078405737877, 0.025771833956241608, 0.02517009899020195, 0.02449251525104046], "val_accuracy": [0.9215853214263916, 0.9090134501457214, 0.7480289936065674, 0.8473258018493652, 0.8761985898017883, 0.8671425580978394, 0.8874920010566711, 0.8886639475822449, 0.867888331413269, 0.7843596935272217, 0.8310249447822571, 0.7749840021133423, 0.8568080067634583, 0.8576603531837463, 0.7724270224571228, 0.876518189907074, 0.8321968913078308, 0.8681014180183411, 0.8535051941871643, 0.8930321931838989, 0.87715744972229, 0.8945237398147583, 0.8809929490089417, 0.8850415349006653, 0.8460472822189331, 0.8875985741615295, 0.8825910687446594, 0.8883443474769592, 0.8857873678207397, 0.8822714686393738], "val_loss": [0.29495272040367126, 0.28838932514190674, 0.38739070296287537, 0.3796776235103607, 0.27794498205184937, 0.3176485300064087, 0.29975423216819763, 0.31061413884162903, 0.4031153917312622, 0.603556215763092, 0.486015260219574, 0.5268483757972717, 0.37757769227027893, 0.4213349521160126, 0.7888470888137817, 0.4052799642086029, 0.6424074769020081, 0.3990541100502014, 0.497079998254776, 0.32950323820114136, 0.44152960181236267, 0.34278663992881775, 0.44669076800346375, 0.4291453957557678, 0.527819037437439, 0.39102038741111755, 0.5020603537559509, 0.3963973820209503, 0.46241021156311035, 0.5795459747314453]}