{"accuracy": [0.986519992351532, 0.986676037311554, 0.9868125915527344, 0.9877294898033142, 0.987514853477478, 0.988158643245697, 0.9879635572433472, 0.9885488152503967, 0.9876904487609863, 0.9890755414962769, 0.9886268377304077, 0.9886268377304077, 0.9885488152503967, 0.9887828826904297, 0.988802433013916, 0.98911452293396, 0.9888414144515991, 0.9892901182174683, 0.9895632266998291, 0.9894266724586487, 0.9897192716598511, 0.9899338483810425, 0.9899728894233704, 0.9903825521469116, 0.9898948669433594, 0.9897778034210205, 0.9901289343833923, 0.9907532334327698, 0.9901874661445618, 0.9902069568634033], "loss": [0.033408187329769135, 0.03274949640035629, 0.03201226890087128, 0.031158123165369034, 0.03038051165640354, 0.030732205137610435, 0.029919497668743134, 0.02975301444530487, 0.029502926394343376, 0.027591628953814507, 0.028646936640143394, 0.027892256155610085, 0.02731304243206978, 0.0266726091504097, 0.027533605694770813, 0.026295820251107216, 0.026806050911545753, 0.025587722659111023, 0.02496691606938839, 0.025227267295122147, 0.024942414835095406, 0.024442274123430252, 0.02429552935063839, 0.023347243666648865, 0.02430150844156742, 0.023270638659596443, 0.024609290063381195, 0.02173224277794361, 0.022286001592874527, 0.02219027280807495], "val_accuracy": [0.5440775752067566, 0.5442795157432556, 0.5416540503501892, 0.5701302886009216, 0.5578107833862305, 0.5750782489776611, 0.551751971244812, 0.5421589612960815, 0.5417550206184387, 0.5772998332977295, 0.5957790613174438, 0.551751971244812, 0.5457941889762878, 0.5492275357246399, 0.5473089218139648, 0.542259931564331, 0.542259931564331, 0.5364031195640564, 0.5417550206184387, 0.5716449618339539, 0.6032515168190002, 0.5656871795654297, 0.5750782489776611, 0.5680096745491028, 0.5757851004600525, 0.5635666251182556, 0.546703040599823, 0.5427648425102234, 0.6023427248001099, 0.5788145065307617], "val_loss": [5.108096599578857, 5.054466247558594, 5.109249591827393, 4.332475185394287, 4.970566272735596, 3.5224297046661377, 3.803056001663208, 4.691953182220459, 5.693998336791992, 4.640552520751953, 4.648449420928955, 5.547334671020508, 6.180213928222656, 6.785059452056885, 6.735658645629883, 6.180014610290527, 6.918200969696045, 8.575799942016602, 6.990187644958496, 5.868256092071533, 5.230834007263184, 6.4837822914123535, 5.569503307342529, 6.385768413543701, 5.362598419189453, 5.888781547546387, 5.868993282318115, 7.74929141998291, 4.934420585632324, 6.161585807800293]}