{"accuracy": [0.9848617911338806, 0.9849007725715637, 0.9848227500915527, 0.9848032593727112, 0.9846861958503723, 0.9845496416091919, 0.9847057461738586, 0.9848227500915527, 0.98492032289505, 0.9854470491409302, 0.9848227500915527, 0.9850568771362305, 0.9847837686538696, 0.9854080080986023, 0.9850958585739136, 0.9849398136138916, 0.9857396483421326, 0.9857591390609741, 0.985720157623291, 0.985954225063324], "loss": [0.0383106954395771, 0.038051754236221313, 0.038557831197977066, 0.03835742548108101, 0.03742944449186325, 0.03776312991976738, 0.03693560138344765, 0.036404259502887726, 0.03720942884683609, 0.03619438782334328, 0.037110768258571625, 0.03637123852968216, 0.03726727142930031, 0.036564670503139496, 0.03609177842736244, 0.03593910112977028, 0.035474687814712524, 0.035172734409570694, 0.034938130527734756, 0.03551136702299118], "val_accuracy": [0.7977359294891357, 0.7253055572509766, 0.7121819257736206, 0.7690843343734741, 0.7515528202056885, 0.800040066242218, 0.7768984436988831, 0.8007413148880005, 0.8218793869018555, 0.7950310707092285, 0.8161690831184387, 0.7870166301727295, 0.7978361248970032, 0.7922260165214539, 0.7832098007202148, 0.8065518140792847, 0.7812061905860901, 0.792025625705719, 0.7807052731513977, 0.7674814462661743], "val_loss": [0.7259100079536438, 1.1847050189971924, 1.2130463123321533, 0.9525404572486877, 0.8827084898948669, 0.8131236433982849, 0.7645413279533386, 0.9475365281105042, 0.6065967679023743, 0.8572853803634644, 0.5412509441375732, 0.9733263850212097, 1.0006510019302368, 1.0585033893585205, 1.2440276145935059, 0.8480870127677917, 1.116628885269165, 1.1167197227478027, 1.096604347229004, 1.337746262550354]}