{"accuracy": [0.9866955280303955, 0.9862468838691711, 0.986519992351532, 0.9865004420280457, 0.9866955280303955, 0.9860127568244934, 0.9863834381103516, 0.9866175055503845, 0.9866565465927124, 0.9866369962692261, 0.9872807860374451, 0.985954225063324, 0.9855445623397827, 0.986032247543335, 0.9857786893844604, 0.9862273335456848, 0.9866565465927124, 0.9868906140327454, 0.9869296550750732, 0.9863249063491821], "loss": [0.03307919576764107, 0.03359431028366089, 0.033078182488679886, 0.03407307341694832, 0.032608140259981155, 0.03488648682832718, 0.03245196491479874, 0.034150704741477966, 0.033091649413108826, 0.032248593866825104, 0.03230365738272667, 0.03255424275994301, 0.03586535155773163, 0.033426761627197266, 0.03459278494119644, 0.03281622380018234, 0.03225031495094299, 0.031826626509428024, 0.031951095908880234, 0.03301636502146721], "val_accuracy": [0.503166139125824, 0.503166139125824, 0.503166139125824, 0.503166139125824, 0.503166139125824, 0.5051764249801636, 0.503166139125824, 0.503166139125824, 0.503166139125824, 0.503166139125824, 0.503166139125824, 0.503166139125824, 0.503166139125824, 0.503166139125824, 0.503166139125824, 0.5030656456947327, 0.503166139125824, 0.503166139125824, 0.503166139125824, 0.503166139125824], "val_loss": [7.736795902252197, 7.911326885223389, 7.928812026977539, 7.900074005126953, 8.023096084594727, 7.678774356842041, 7.937136650085449, 7.94450044631958, 7.920077323913574, 8.017804145812988, 8.040493965148926, 8.047920227050781, 8.068184852600098, 8.118294715881348, 8.102930068969727, 8.201274871826172, 8.068840980529785, 8.207601547241211, 8.15699291229248, 8.280953407287598]}