{"accuracy": [0.9467889666557312, 0.9658198356628418, 0.9664549231529236, 0.9688073396682739, 0.9697718024253845, 0.969748318195343, 0.9701482057571411, 0.9705716371536255, 0.9706186652183533, 0.9707127809524536, 0.9716772437095642, 0.9707127809524536, 0.9716302156448364, 0.9725476503372192, 0.9728769659996033, 0.9727828502655029, 0.9728769659996033, 0.9733239412307739, 0.9732298254966736, 0.9735121130943298], "loss": [0.1587206870317459, 0.09394910931587219, 0.08748375624418259, 0.08317066729068756, 0.08070696145296097, 0.0789395347237587, 0.07892820239067078, 0.07655327022075653, 0.07645868510007858, 0.07589226961135864, 0.0748811736702919, 0.07363682985305786, 0.0729503482580185, 0.07097548991441727, 0.07083107531070709, 0.06978295743465424, 0.06966590136289597, 0.06838894635438919, 0.06776334345340729, 0.06722168624401093], "val_accuracy": [0.8181334137916565, 0.8740677833557129, 0.8840826749801636, 0.8603239059448242, 0.8687406778335571, 0.8768378496170044, 0.8448753356933594, 0.8560622334480286, 0.8731088638305664, 0.8402940630912781, 0.8424248695373535, 0.8513743877410889, 0.8690602779388428, 0.8410398364067078, 0.867249071598053, 0.8129128217697144, 0.8633070588111877, 0.8459407687187195, 0.8450884222984314, 0.8710845708847046], "val_loss": [0.47031837701797485, 0.3507286012172699, 0.3431161046028137, 0.4225122034549713, 0.36857953667640686, 0.34338298439979553, 0.5324099063873291, 0.46552014350891113, 0.40549135208129883, 0.5343853235244751, 0.4725594222545624, 0.49401649832725525, 0.4139406681060791, 0.5810021758079529, 0.4265289008617401, 0.6329832673072815, 0.42184507846832275, 0.46990156173706055, 0.48146191239356995, 0.3953007161617279]}