{"accuracy": [0.9789500832557678], "loss": [0.07479681819677353], "val_accuracy": [0.7259748578071594], "val_loss": [0.6462624073028564]}