{"accuracy": [0.9741002321243286, 0.9736297130584717, 0.9739120006561279, 0.9742884039878845, 0.9746648073196411, 0.9743589758872986, 0.9749470949172974, 0.9751588106155396, 0.975182294845581, 0.9753705263137817, 0.9760762453079224, 0.975723385810852, 0.9756762981414795, 0.9760997295379639, 0.9760997295379639, 0.9753705263137817, 0.9764761328697205, 0.9762644171714783, 0.9763349890708923, 0.9763820171356201], "loss": [0.06583020836114883, 0.06631959229707718, 0.06655595451593399, 0.06425964087247849, 0.06304384768009186, 0.06230389326810837, 0.06305986642837524, 0.061370499432086945, 0.06151711568236351, 0.06103263422846794, 0.060909755527973175, 0.06004435196518898, 0.05975281819701195, 0.05911162123084068, 0.058667536824941635, 0.06065836176276207, 0.05815260857343674, 0.05813676491379738, 0.059101805090904236, 0.0577564537525177], "val_accuracy": [0.5964859127998352, 0.5923457741737366, 0.5936585068702698, 0.5999191999435425, 0.5706351399421692, 0.5882055759429932, 0.5846713185310364, 0.595173180103302, 0.5900232195854187, 0.5684136152267456, 0.6126426458358765, 0.6164798736572266, 0.5738664865493774, 0.6166818141937256, 0.5733616352081299, 0.6072907447814941, 0.6010299921035767, 0.6180955171585083, 0.5781076550483704, 0.6249621510505676], "val_loss": [1.9081108570098877, 1.8288753032684326, 1.6933841705322266, 1.964806318283081, 2.2871625423431396, 2.0481557846069336, 1.8558669090270996, 1.9643199443817139, 1.7786462306976318, 1.6978174448013306, 1.7967787981033325, 1.7225266695022583, 1.726266860961914, 1.6365755796432495, 1.9376132488250732, 1.7197993993759155, 1.8641180992126465, 1.6385252475738525, 1.8786371946334839, 1.6207846403121948]}