{"accuracy": [0.994271457195282, 0.9945164322853088, 0.9946252703666687, 0.994706928730011, 0.9943395256996155, 0.9947885274887085, 0.9949110150337219, 0.9944483637809753, 0.995155930519104, 0.9951423406600952, 0.9949110150337219, 0.9949382543563843, 0.9956457614898682, 0.994856595993042, 0.995455265045166, 0.9955097436904907, 0.9955777525901794, 0.9952239990234375, 0.9952647686004639, 0.9956185817718506, 0.9954144954681396, 0.9956185817718506, 0.9951287508010864, 0.995795488357544, 0.9953328371047974, 0.995305597782135, 0.9955369234085083, 0.9956321716308594, 0.9957002401351929, 0.9953872561454773], "loss": [0.012144042178988457, 0.01210260670632124, 0.012868412770330906, 0.012052848935127258, 0.012367849238216877, 0.012272261083126068, 0.011940381489694118, 0.01251498144119978, 0.012123764492571354, 0.011539648286998272, 0.011935675516724586, 0.012373686768114567, 0.011155874468386173, 0.012535279616713524, 0.010531538166105747, 0.011471033096313477, 0.01013247575610876, 0.011179054155945778, 0.011767412535846233, 0.011268645524978638, 0.011075176298618317, 0.011363312602043152, 0.012099571526050568, 0.009820115752518177, 0.011814948171377182, 0.010956809855997562, 0.011568850837647915, 0.009844194166362286, 0.01033887267112732, 0.01187727227807045], "val_accuracy": [0.8665631413459778, 0.8419254422187805, 0.6154244542121887, 0.8222567439079285, 0.7225672602653503, 0.7677018642425537, 0.8051759600639343, 0.8765010237693787, 0.8539337515830994, 0.8363354206085205, 0.8085921406745911, 0.8307453393936157, 0.7860248684883118, 0.7994824051856995, 0.7349896430969238, 0.7980331182479858, 0.8475155234336853, 0.8642857074737549, 0.7356107831001282, 0.7669772505760193, 0.7752587795257568, 0.8193581700325012, 0.8097308278083801, 0.7008281350135803, 0.8555900454521179, 0.8742235898971558, 0.8710144758224487, 0.8290890455245972, 0.8712215423583984, 0.8139751553535461], "val_loss": [0.6412438154220581, 0.6735661625862122, 3.9534049034118652, 1.2416577339172363, 2.245962142944336, 1.8429442644119263, 1.4648553133010864, 0.7036077976226807, 0.8298743963241577, 1.115997076034546, 1.3682029247283936, 1.145544409751892, 1.684512734413147, 1.4923430681228638, 2.346874952316284, 1.5138224363327026, 1.022302269935608, 0.878271758556366, 2.3769352436065674, 2.0694868564605713, 1.841636300086975, 1.245426893234253, 1.3454995155334473, 2.6637511253356934, 0.9049705862998962, 0.6147617101669312, 0.8331594467163086, 1.1747498512268066, 0.686654269695282, 0.8767750859260559]}