{"accuracy": [0.9864883422851562, 0.9867604374885559, 0.986651599407196, 0.9868420958518982, 0.986501932144165, 0.9871006608009338, 0.9870870113372803, 0.9872503280639648, 0.9877129197120667, 0.9874816536903381, 0.9873591661453247, 0.9875088334083557, 0.9876040816307068, 0.9876040816307068, 0.9877537488937378, 0.9880667328834534, 0.9878354072570801, 0.9883388876914978, 0.9882028102874756, 0.9881347417831421], "loss": [0.037065356969833374, 0.03649980574846268, 0.036327064037323, 0.03601333126425743, 0.035705722868442535, 0.03530430421233177, 0.03494511917233467, 0.035081833600997925, 0.03402501717209816, 0.03428752347826958, 0.03361278027296066, 0.034101393073797226, 0.033505138009786606, 0.03316411375999451, 0.03247588127851486, 0.032083332538604736, 0.03465016931295395, 0.03157411888241768, 0.0319385901093483, 0.03138912841677666], "val_accuracy": [0.5733616352081299, 0.5745733380317688, 0.5718469023704529, 0.5796223282814026, 0.5779057145118713, 0.5507422089576721, 0.5423609018325806, 0.5527617931365967, 0.5695244073867798, 0.5478137731552124, 0.5504392385482788, 0.5395334959030151, 0.5418559908866882, 0.545188307762146, 0.53862464427948, 0.5440775752067566, 0.5369080305099487, 0.5362011790275574, 0.5340805649757385, 0.5214581489562988], "val_loss": [6.035251140594482, 6.101080417633057, 6.0723795890808105, 6.059886932373047, 6.012685298919678, 6.348113536834717, 6.621021747589111, 6.442352771759033, 6.217945575714111, 6.770587921142578, 6.904454231262207, 7.021704196929932, 6.925100803375244, 6.940377235412598, 7.127424240112305, 7.200867176055908, 7.316359519958496, 7.435892105102539, 7.645543575286865, 8.130440711975098]}