{"accuracy": [0.9905658960342407, 0.9908578395843506, 0.9909507036209106, 0.9910170435905457, 0.9910038113594055, 0.9909108877182007, 0.9913885593414307, 0.9909639954566956, 0.9912028312683105, 0.9913487434387207, 0.9911630153656006, 0.9914150834083557, 0.9913089871406555, 0.9909241795539856, 0.9911497235298157, 0.9912028312683105, 0.9914018511772156, 0.9913620352745056, 0.9913487434387207, 0.9914150834083557], "loss": [0.024955956265330315, 0.024491891264915466, 0.024462616071105003, 0.024385567754507065, 0.024019509553909302, 0.024152277037501335, 0.023270994424819946, 0.02393225021660328, 0.023373864591121674, 0.02301022969186306, 0.023249316960573196, 0.022565102204680443, 0.02259977161884308, 0.02303745411336422, 0.0227140374481678, 0.02244122512638569, 0.02212500385940075, 0.022072000429034233, 0.021433928981423378, 0.022013988345861435], "val_accuracy": [0.6023427248001099, 0.5945672988891602, 0.6037564277648926, 0.5973947048187256, 0.5978996157646179, 0.5916389226913452, 0.5871958136558533, 0.588407576084137, 0.594971239566803, 0.5890134572982788, 0.5862869620323181, 0.5887104868888855, 0.569120466709137, 0.5788145065307617, 0.5807331204414368, 0.5840654373168945, 0.5916389226913452, 0.5792184472084045, 0.5858830809593201, 0.5878016948699951], "val_loss": [2.6628472805023193, 3.4088518619537354, 2.878906726837158, 3.4542582035064697, 3.536456346511841, 3.892407178878784, 4.383980751037598, 4.302325248718262, 4.180527210235596, 4.694336414337158, 4.637508392333984, 4.816457271575928, 5.284972190856934, 5.2433624267578125, 5.3432841300964355, 5.258900165557861, 5.383367538452148, 5.606446743011475, 5.86489200592041, 5.636058807373047]}