{"accuracy": [0.9809502959251404, 0.9834811687469482, 0.9842159748077393, 0.9846241474151611, 0.9845561385154724, 0.9847330451011658, 0.9850596189498901, 0.9853861927986145, 0.9855222105979919, 0.9859304428100586, 0.9859984517097473, 0.9858487844467163, 0.9861209392547607, 0.9864475131034851, 0.9867740869522095, 0.986556351184845, 0.9875088334083557, 0.9874544143676758, 0.9878218173980713, 0.9883524775505066, 0.9887607097625732, 0.9889103770256042, 0.9891144633293152, 0.989223301410675, 0.9893866181373596, 0.9899852871894836, 0.9899989366531372, 0.9902438521385193, 0.9905295968055725, 0.9907336831092834], "loss": [0.060572728514671326, 0.04870027303695679, 0.046805787831544876, 0.046422556042671204, 0.045165516436100006, 0.04407551512122154, 0.041757211089134216, 0.040671415627002716, 0.039576392620801926, 0.03845116123557091, 0.03797711431980133, 0.03697987645864487, 0.03555179759860039, 0.03478231281042099, 0.033939700573682785, 0.033006809651851654, 0.03164787217974663, 0.030778491869568825, 0.03004651889204979, 0.0288835521787405, 0.027901576831936836, 0.02663697488605976, 0.026590581983327866, 0.02532494254410267, 0.025527022778987885, 0.024595750495791435, 0.023456286638975143, 0.023645775392651558, 0.023443324491381645, 0.022421399131417274], "val_accuracy": [0.8068400025367737, 0.7916045188903809, 0.8346473574638367, 0.773918628692627, 0.8261240124702454, 0.7859578132629395, 0.7284253239631653, 0.8574472665786743, 0.8121670484542847, 0.8544641137123108, 0.8746004700660706, 0.8730023503303528, 0.921265721321106, 0.912422776222229, 0.936927318572998, 0.9356488585472107, 0.8967611193656921, 0.9389516115188599, 0.9295759797096252, 0.9279778599739075, 0.8546772003173828, 0.8785424828529358, 0.8097165822982788, 0.8878116607666016, 0.9108246564865112, 0.8753462433815002, 0.7226720452308655, 0.6578947305679321, 0.683038592338562, 0.6560835242271423], "val_loss": [0.4074816107749939, 0.39275071024894714, 0.35173243284225464, 0.37848517298698425, 0.3381853699684143, 0.3742026090621948, 0.4468670189380646, 0.32655400037765503, 0.35965099930763245, 0.308228462934494, 0.24162469804286957, 0.23962150514125824, 0.17856520414352417, 0.19052164256572723, 0.16089411079883575, 0.16649168729782104, 0.20716625452041626, 0.17038577795028687, 0.20716288685798645, 0.23430655896663666, 0.5799890756607056, 0.5115628242492676, 0.9423282742500305, 0.545070230960846, 0.4588839113712311, 0.6554020643234253, 1.5515271425247192, 2.11694073677063, 1.940574049949646, 2.0617125034332275]}