{"accuracy": [0.9939627051353455, 0.9939361810684204, 0.9938300251960754, 0.9943209886550903, 0.9941617250442505, 0.9940158128738403, 0.9942678809165955, 0.9946128726005554, 0.9944403767585754, 0.9948650002479553, 0.9947455525398254, 0.9950507283210754, 0.9946526885032654, 0.9945333003997803, 0.9949180483818054, 0.9949843883514404, 0.9954090118408203, 0.9950374960899353, 0.9957540035247803, 0.9955682158470154, 0.9953028559684753, 0.9958733916282654, 0.9956743717193604, 0.9958999752998352, 0.9958203434944153, 0.9960989952087402, 0.9955549836158752, 0.9959397315979004, 0.9958070516586304, 0.9958601593971252], "loss": [0.013543748296797276, 0.014049706980586052, 0.014102073386311531, 0.01342913880944252, 0.013442326337099075, 0.013418198563158512, 0.013109304010868073, 0.012905596755445004, 0.01287093386054039, 0.01225887518376112, 0.011794817633926868, 0.011987321078777313, 0.01141559612005949, 0.012520222924649715, 0.011758861131966114, 0.011674917303025723, 0.011557911522686481, 0.01175447553396225, 0.011013414710760117, 0.010558536276221275, 0.010830318555235863, 0.009953074157238007, 0.010666382499039173, 0.009927721694111824, 0.010731006041169167, 0.009551583789288998, 0.010155407711863518, 0.009594407863914967, 0.010207758285105228, 0.009793752804398537], "val_accuracy": [0.7203877568244934, 0.6946380138397217, 0.7713823914527893, 0.7673432230949402, 0.7942037582397461, 0.7560335397720337, 0.7609815001487732, 0.8228819370269775, 0.7875391244888306, 0.7454306483268738, 0.8112692832946777, 0.8768050074577332, 0.7081692218780518, 0.8506513237953186, 0.8219731450080872, 0.7882459759712219, 0.8064222931861877, 0.7769362926483154, 0.844996452331543, 0.8558012843132019, 0.8010703921318054, 0.8088458180427551, 0.877208948135376, 0.8400484919548035, 0.8736746311187744, 0.925477147102356, 0.9089164733886719, 0.9102292060852051, 0.809451699256897, 0.7011006474494934], "val_loss": [2.146707534790039, 2.768104076385498, 1.5573259592056274, 1.6249128580093384, 1.0026124715805054, 1.1939983367919922, 1.2677091360092163, 0.7923983931541443, 1.2115122079849243, 1.5178556442260742, 1.0770293474197388, 0.6397570371627808, 1.8302963972091675, 0.7568144202232361, 0.8240482211112976, 1.0691418647766113, 0.8545167446136475, 0.9081027507781982, 0.6883505582809448, 0.5675995349884033, 0.9678243398666382, 0.7821533679962158, 0.5550541877746582, 0.7538530826568604, 0.5989501476287842, 0.33489570021629333, 0.40082988142967224, 0.4850565493106842, 0.7235559225082397, 1.6693761348724365]}