{"accuracy": [0.9920653104782104, 0.9922510385513306, 0.9918397068977356, 0.9919591546058655, 0.9919856786727905, 0.9922377467155457, 0.9919856786727905, 0.9918662309646606, 0.9920653104782104, 0.9922245144844055, 0.9925960302352905, 0.9924500584602356, 0.9923837184906006, 0.9924102425575256, 0.9925429821014404, 0.9927154779434204, 0.9921979904174805, 0.9924368262290955, 0.9925827383995056, 0.9922510385513306], "loss": [0.020555958151817322, 0.018809569999575615, 0.019833967089653015, 0.019409334287047386, 0.01927207224071026, 0.018395692110061646, 0.0190699715167284, 0.01912044733762741, 0.019069328904151917, 0.01905449852347374, 0.01811574213206768, 0.018237588927149773, 0.01848219521343708, 0.018374020233750343, 0.017476355656981468, 0.017788365483283997, 0.018486259505152702, 0.017669999971985817, 0.018243715167045593, 0.0183565653860569], "val_accuracy": [0.5156314969062805, 0.5156314969062805, 0.5156314969062805, 0.5156314969062805, 0.5156314969062805, 0.5156314969062805, 0.5156314969062805, 0.5156314969062805, 0.5156314969062805, 0.5156314969062805, 0.5156314969062805, 0.5156314969062805, 0.5156314969062805, 0.5156314969062805, 0.5156314969062805, 0.5156314969062805, 0.5156314969062805, 0.5156314969062805, 0.5156314969062805, 0.5156314969062805], "val_loss": [10.549629211425781, 10.647401809692383, 10.717491149902344, 10.761802673339844, 10.775710105895996, 10.875205039978027, 10.912031173706055, 10.963715553283691, 10.884461402893066, 10.92904281616211, 11.049420356750488, 11.096139907836914, 11.14046859741211, 11.171215057373047, 11.198627471923828, 11.231277465820312, 11.201438903808594, 11.27985954284668, 11.344619750976562, 11.315096855163574]}