{"accuracy": [0.9898611903190613, 0.9907315969467163, 0.9909197688102722, 0.9903081655502319, 0.9907551407814026, 0.9908021688461304, 0.9901434779167175, 0.9905904531478882, 0.9905904531478882, 0.9910609126091003, 0.9906845688819885, 0.9911550283432007, 0.9906139969825745, 0.9914137721061707, 0.9905904531478882, 0.9909433126449585, 0.9914137721061707, 0.9909197688102722, 0.9913432002067566, 0.9915314316749573, 0.9911080002784729, 0.9916960597038269, 0.9914843440055847, 0.9913432002067566, 0.991766631603241, 0.991507887840271, 0.9916020035743713, 0.9916960597038269, 0.991837203502655, 0.9920254349708557], "loss": [0.023507321253418922, 0.022498982027173042, 0.022574950009584427, 0.023266732692718506, 0.021932106465101242, 0.022987907752394676, 0.021804198622703552, 0.02176647074520588, 0.023167280480265617, 0.021893655881285667, 0.02243660017848015, 0.02062186598777771, 0.023052973672747612, 0.020065784454345703, 0.022550877183675766, 0.021397603675723076, 0.02092958800494671, 0.02221967652440071, 0.020258212462067604, 0.02099611796438694, 0.022070135921239853, 0.01969459094107151, 0.021860267966985703, 0.020777735859155655, 0.019380759447813034, 0.02009875327348709, 0.021020550280809402, 0.019273078069090843, 0.018920941278338432, 0.01923038810491562], "val_accuracy": [0.5210145115852356, 0.5210145115852356, 0.5210145115852356, 0.5210145115852356, 0.5210145115852356, 0.5210145115852356, 0.52173912525177, 0.5221531987190247, 0.5278468132019043, 0.5614906549453735, 0.5210145115852356, 0.5210145115852356, 0.5210145115852356, 0.5210145115852356, 0.5210145115852356, 0.5269151329994202, 0.5210145115852356, 0.534679114818573, 0.5267080664634705, 0.5302277207374573, 0.5718426704406738, 0.5215321183204651, 0.5226708054542542, 0.5211179852485657, 0.5210145115852356, 0.5210145115852356, 0.5210145115852356, 0.5215321183204651, 0.5222567319869995, 0.5210145115852356], "val_loss": [11.042210578918457, 12.99068832397461, 10.56617546081543, 11.901958465576172, 11.875699043273926, 9.913400650024414, 10.629923820495605, 8.900840759277344, 8.434139251708984, 6.367921352386475, 10.707170486450195, 12.54971981048584, 11.478364944458008, 12.579235076904297, 10.348546028137207, 7.703999996185303, 10.163016319274902, 8.782320022583008, 7.278818130493164, 8.48572063446045, 5.893662452697754, 10.05478572845459, 8.206121444702148, 10.47066879272461, 10.330056190490723, 11.806686401367188, 12.172619819641113, 10.322879791259766, 11.009531021118164, 13.385031700134277]}