{"accuracy": [0.9971472024917603, 0.9968553185462952, 0.9971472024917603, 0.9971339702606201, 0.9970543384552002, 0.9971737265586853, 0.9971604943275452, 0.9971472024917603, 0.9972268342971802, 0.9972135424613953, 0.9968818426132202, 0.9970543384552002, 0.9974921941757202, 0.9972666501998901, 0.9971472024917603, 0.9974125623703003, 0.9971339702606201, 0.9974125623703003, 0.9977045059204102, 0.9973064661026001, 0.9973462224006653, 0.9975054860115051, 0.9971073865890503, 0.9977575540542603, 0.9976116418838501, 0.9973595142364502, 0.9977177977561951, 0.9976646900177002, 0.9973595142364502, 0.9979300498962402], "loss": [0.006964901462197304, 0.0075224717147648335, 0.007071240805089474, 0.007423063740134239, 0.007470701355487108, 0.007433455903083086, 0.007065502926707268, 0.006636942736804485, 0.00770990177989006, 0.007318510673940182, 0.007979944348335266, 0.0078094638884067535, 0.006179003976285458, 0.007803712971508503, 0.007330504711717367, 0.0060078599490225315, 0.007088948506861925, 0.007362356875091791, 0.00637090252712369, 0.006743849720805883, 0.007147827185690403, 0.00654313201084733, 0.0077680554240942, 0.0060046338476240635, 0.006212509702891111, 0.007596733048558235, 0.005878773517906666, 0.006198689807206392, 0.0072494433261454105, 0.005438322201371193], "val_accuracy": [0.5231884121894836, 0.5231884121894836, 0.5231884121894836, 0.5231884121894836, 0.5231884121894836, 0.5231884121894836, 0.5231884121894836, 0.5231884121894836, 0.5231884121894836, 0.5231884121894836, 0.5231884121894836, 0.5231884121894836, 0.5231884121894836, 0.5231884121894836, 0.5231884121894836, 0.5231884121894836, 0.5231884121894836, 0.5231884121894836, 0.5231884121894836, 0.5231884121894836, 0.5231884121894836, 0.5231884121894836, 0.5231884121894836, 0.5231884121894836, 0.5231884121894836, 0.5231884121894836, 0.5231884121894836, 0.5231884121894836, 0.5231884121894836, 0.5231884121894836], "val_loss": [27.566850662231445, 27.94507598876953, 31.89063835144043, 28.46715545654297, 29.591951370239258, 28.43996238708496, 26.639423370361328, 27.70115852355957, 29.704774856567383, 28.4542179107666, 27.899316787719727, 30.119949340820312, 29.931663513183594, 29.21270751953125, 27.790813446044922, 29.894775390625, 29.75075340270996, 30.127593994140625, 29.325927734375, 28.680295944213867, 26.174232482910156, 30.177875518798828, 28.334575653076172, 30.915016174316406, 32.45551300048828, 29.80385971069336, 34.28345489501953, 30.612499237060547, 30.836742401123047, 31.195098876953125]}