{"accuracy": [0.9885438680648804, 0.9876734614372253, 0.9878851771354675, 0.9884262681007385, 0.9881674647331238, 0.9886144399642944, 0.9885438680648804, 0.988120436668396, 0.9884732961654663, 0.9886144399642944, 0.9884732961654663, 0.9890614151954651, 0.9887320399284363, 0.9893437027931213, 0.9890614151954651, 0.9893907308578491, 0.9892731308937073, 0.9896730184555054, 0.9889437556266785, 0.9899317622184753, 0.9900258779525757, 0.9896024465560913, 0.9903081655502319, 0.9896259903907776, 0.9897671341896057, 0.9911550283432007, 0.9903317093849182, 0.9900964498519897, 0.9905198812484741, 0.9904257655143738], "loss": [0.027277428656816483, 0.028619831427931786, 0.02702147886157036, 0.02685590833425522, 0.02721419371664524, 0.026643428951501846, 0.027177952229976654, 0.027855565771460533, 0.027582166716456413, 0.026287585496902466, 0.02570595219731331, 0.02574305795133114, 0.025487512350082397, 0.02488403208553791, 0.025691956281661987, 0.024437393993139267, 0.024752246215939522, 0.023755842819809914, 0.023890933021903038, 0.024388916790485382, 0.02398940734565258, 0.024301869794726372, 0.023380201309919357, 0.02388606034219265, 0.024104241281747818, 0.020967360585927963, 0.023772070184350014, 0.024262389168143272, 0.023227976635098457, 0.023746894672513008], "val_accuracy": [0.8681626915931702, 0.8991184234619141, 0.8808856010437012, 0.8874974846839905, 0.8951112031936646, 0.8913043737411499, 0.883089542388916, 0.866058886051178, 0.8886996507644653, 0.9141454696655273, 0.8673612475395203, 0.8960128426551819, 0.9025245308876038, 0.9066319465637207, 0.8738729953765869, 0.8340011835098267, 0.8591464757919312, 0.8601482510566711, 0.9014225602149963, 0.8493288159370422, 0.895812451839447, 0.9098377227783203, 0.9130434989929199, 0.8725706338882446, 0.9037266969680786, 0.883089542388916, 0.9159486889839172, 0.905229389667511, 0.9019234776496887, 0.8814866542816162], "val_loss": [2.1995010375976562, 1.732917308807373, 2.175166130065918, 1.7230607271194458, 1.7203642129898071, 1.7329514026641846, 1.9057416915893555, 2.3952808380126953, 1.9632105827331543, 1.490188717842102, 2.358947992324829, 1.9507533311843872, 1.7018885612487793, 1.6479160785675049, 2.306367874145508, 2.704878091812134, 2.489227771759033, 2.567737579345703, 1.9701049327850342, 2.671368360519409, 1.9314566850662231, 1.77701997756958, 1.5949822664260864, 1.9618375301361084, 1.709754467010498, 1.9709548950195312, 1.5630334615707397, 1.8522413969039917, 1.6905510425567627, 1.9688423871994019]}