{"accuracy": [0.9533563256263733, 0.9800043106079102, 0.9803164005279541, 0.9806285500526428, 0.9817795157432556, 0.9822086691856384, 0.9825403094291687, 0.9827353954315186, 0.9829890131950378, 0.9832816123962402, 0.9829695224761963, 0.9828329682350159, 0.9832621216773987, 0.9835547208786011, 0.983437716960907, 0.9839059114456177, 0.983515739440918, 0.983359694480896, 0.9833986759185791, 0.9836522936820984], "loss": [0.12577937543392181, 0.059169139713048935, 0.05536789819598198, 0.05386782065033913, 0.051606904715299606, 0.05060107633471489, 0.04934456944465637, 0.04825756698846817, 0.04723028838634491, 0.04649411141872406, 0.046723373234272, 0.04618757963180542, 0.045938972383737564, 0.04552812501788139, 0.04477999359369278, 0.04463919624686241, 0.04418979957699776, 0.04418046027421951, 0.043584875762462616, 0.04337511211633682], "val_accuracy": [0.8223950266838074, 0.8547837138175964, 0.8506286144256592, 0.8712976574897766, 0.8444491624832153, 0.8594715595245361, 0.8591518998146057, 0.862135112285614, 0.8603239059448242, 0.8467931151390076, 0.849350094795227, 0.8374174237251282, 0.8181334137916565, 0.8302791118621826, 0.77945876121521, 0.7845727801322937, 0.789367139339447, 0.7728531956672668, 0.8080119490623474, 0.7880886197090149], "val_loss": [0.408562034368515, 0.3840790092945099, 0.47501999139785767, 0.47837844491004944, 0.6329070329666138, 0.5224378705024719, 0.5640786290168762, 0.5595121383666992, 0.5368578433990479, 0.5840857625007629, 0.5266176462173462, 0.6298152804374695, 0.6896703839302063, 0.6690566539764404, 0.8364849090576172, 0.9131218194961548, 0.7782191038131714, 0.8129833936691284, 0.7492181062698364, 0.7996121644973755]}