{"accuracy": [0.9784521460533142, 0.978757917881012, 0.9776052832603455, 0.9784521460533142, 0.9789226055145264, 0.9782639145851135, 0.9778875708580017, 0.9790167212486267, 0.9786403179168701, 0.978569746017456, 0.9789226055145264, 0.9783110022544861, 0.9778404831886292, 0.9782168865203857, 0.978828489780426, 0.9792519211769104, 0.9771818518638611, 0.9787108898162842, 0.9784050583839417, 0.9792048931121826], "loss": [0.05241163447499275, 0.05136491730809212, 0.05235764756798744, 0.051780037581920624, 0.050261255353689194, 0.051469121128320694, 0.05236469581723213, 0.049461737275123596, 0.05200048163533211, 0.05076534301042557, 0.05120989307761192, 0.051329582929611206, 0.050368860363960266, 0.052141644060611725, 0.050108954310417175, 0.05016433447599411, 0.053360335528850555, 0.04953133687376976, 0.05112684890627861, 0.049328748136758804], "val_accuracy": [0.5183230042457581, 0.5183230042457581, 0.5183230042457581, 0.5183230042457581, 0.5183230042457581, 0.5183230042457581, 0.5183230042457581, 0.5183230042457581, 0.5183230042457581, 0.5183230042457581, 0.5183230042457581, 0.5183230042457581, 0.5183230042457581, 0.5183230042457581, 0.5183230042457581, 0.5183230042457581, 0.5183230042457581, 0.5183230042457581, 0.5183230042457581, 0.5183230042457581], "val_loss": [5.110705375671387, 5.044042110443115, 5.35400915145874, 5.377847671508789, 5.240602493286133, 5.131134510040283, 4.716782569885254, 4.406670570373535, 5.135969638824463, 4.843505859375, 5.502151012420654, 5.23935079574585, 5.147423267364502, 5.194074630737305, 5.55039119720459, 5.7390055656433105, 5.277427673339844, 5.384207725524902, 5.258716583251953, 5.218315124511719]}