{"accuracy": [0.965561032295227, 0.9691837430000305, 0.9697718024253845, 0.9704069495201111, 0.970877468585968, 0.9710891842842102, 0.9709244966506958, 0.9712303280830383, 0.9722418189048767, 0.9722418189048767, 0.9738649725914001, 0.9743825197219849, 0.9749000072479248, 0.9753705263137817, 0.9771818518638611, 0.9769936203956604, 0.9775817394256592, 0.9781227707862854, 0.9781933426856995, 0.9779345989227295, 0.9785227179527283, 0.9791107773780823, 0.9795342087745667, 0.9804516434669495, 0.981086790561676, 0.9809927344322205, 0.9812514781951904, 0.9813455939292908, 0.9823570847511292, 0.9827099442481995], "loss": [0.09405878186225891, 0.08145423978567123, 0.0793597474694252, 0.07714739441871643, 0.07495518028736115, 0.07363886386156082, 0.07134663313627243, 0.0690915584564209, 0.0662648007273674, 0.06495194137096405, 0.06249997764825821, 0.06054264307022095, 0.058781906962394714, 0.0568319708108902, 0.05480549857020378, 0.05310145393013954, 0.05232803151011467, 0.05083052068948746, 0.04950951784849167, 0.04850669950246811, 0.04745674133300781, 0.0468471422791481, 0.04580270126461983, 0.04436579719185829, 0.04335833713412285, 0.04348694160580635, 0.04195481911301613, 0.04097500815987587, 0.040431562811136246, 0.04019433632493019], "val_accuracy": [0.8641594052314758, 0.8677818179130554, 0.8788621425628662, 0.880886435508728, 0.889516294002533, 0.9125292897224426, 0.9222245812416077, 0.9211591482162476, 0.9088003635406494, 0.9273386001586914, 0.9240357875823975, 0.9146601557731628, 0.9278712868690491, 0.9300021529197693, 0.9158321022987366, 0.917323648929596, 0.9137012362480164, 0.8970807790756226, 0.908267617225647, 0.8975069522857666, 0.9010227918624878, 0.9068825840950012, 0.9035797715187073, 0.8850415349006653, 0.8900489807128906, 0.8950564861297607, 0.9016620516777039, 0.8858938813209534, 0.8782228827476501, 0.8825910687446594], "val_loss": [0.33570587635040283, 0.36229798197746277, 0.3293877840042114, 0.38891008496284485, 0.30494096875190735, 0.2599409520626068, 0.23868754506111145, 0.22946709394454956, 0.25645795464515686, 0.21677152812480927, 0.23320356011390686, 0.2786240577697754, 0.23140805959701538, 0.1962042599916458, 0.28935888409614563, 0.23093780875205994, 0.25701189041137695, 0.41226693987846375, 0.30529794096946716, 0.3682754635810852, 0.4245055615901947, 0.36775970458984375, 0.3934776782989502, 0.5795434713363647, 0.5678488612174988, 0.5235083103179932, 0.4403194487094879, 0.523609459400177, 0.649313747882843, 0.73066645860672]}