{"accuracy": [0.9961255192756653, 0.9962449669837952, 0.9961255192756653, 0.9961122274398804, 0.9962847232818604, 0.9963113069534302, 0.9966695308685303, 0.9962449669837952, 0.9963643550872803, 0.9962581992149353, 0.9965103268623352, 0.9965103268623352, 0.9965235590934753, 0.9964174628257751, 0.9967756867408752, 0.9968553185462952, 0.9967226386070251, 0.9970145225524902, 0.9965235590934753, 0.9965501427650452, 0.9967491626739502, 0.9968818426132202, 0.9971339702606201, 0.9968818426132202, 0.9968553185462952, 0.9970145225524902, 0.9970676302909851, 0.9969481825828552, 0.9971339702606201, 0.9971737265586853], "loss": [0.009268537163734436, 0.00943040195852518, 0.0089977215975523, 0.009373634122312069, 0.009090342558920383, 0.008991734124720097, 0.008146069943904877, 0.00963554810732603, 0.009057862684130669, 0.009004070423543453, 0.00879668164998293, 0.009110784158110619, 0.008657088503241539, 0.00881645642220974, 0.009205889888107777, 0.008013407699763775, 0.008670260198414326, 0.008126328699290752, 0.008344258181750774, 0.00840378925204277, 0.009023861028254032, 0.008074168115854263, 0.007711068261414766, 0.008185666985809803, 0.007615511305630207, 0.007737563457340002, 0.007954787462949753, 0.0072572375647723675, 0.007050751242786646, 0.008032889105379581], "val_accuracy": [0.8417150974273682, 0.8453215956687927, 0.8485273718833923, 0.8543378114700317, 0.8569424748420715, 0.8793829083442688, 0.8913043737411499, 0.9232618808746338, 0.9025245308876038, 0.9219595193862915, 0.8849930167198181, 0.8998196721076965, 0.8760769367218018, 0.8480264544487, 0.8689641356468201, 0.8712682723999023, 0.835303544998169, 0.8010419011116028, 0.853335976600647, 0.8148667812347412, 0.830194354057312, 0.7289120554924011, 0.8186736106872559, 0.7951312065124512, 0.7803045511245728, 0.8003405928611755, 0.8155680298805237, 0.8031456470489502, 0.8340011835098267, 0.7846122980117798], "val_loss": [0.7663782835006714, 0.6853252649307251, 0.7058775424957275, 0.6164271235466003, 0.7697104811668396, 0.5415389537811279, 0.40302300453186035, 0.2689117193222046, 0.46830472350120544, 0.2930193841457367, 0.4894891381263733, 0.41740670800209045, 0.5381829738616943, 0.49286845326423645, 0.41725412011146545, 0.6593772768974304, 0.8101899027824402, 1.3914382457733154, 0.731552004814148, 1.0106946229934692, 0.8921067714691162, 1.6717661619186401, 1.0307791233062744, 1.2264522314071655, 1.1047804355621338, 1.245265245437622, 0.9767158031463623, 1.020390510559082, 0.9689386487007141, 1.0137689113616943]}