{"accuracy": [0.9880123138427734, 0.9882572293281555, 0.988624632358551, 0.987440824508667, 0.9881892204284668, 0.988828718662262, 0.9886518120765686, 0.9885293841362, 0.9886382222175598, 0.9881211519241333, 0.9890464544296265, 0.988828718662262, 0.9891144633293152, 0.9892913699150085, 0.9892097115516663, 0.9890872240066528, 0.9893185496330261, 0.9890600442886353, 0.9890464544296265, 0.9890600442886353], "loss": [0.03217789903283119, 0.031371451914310455, 0.030700089409947395, 0.03350556269288063, 0.03086504340171814, 0.029577093198895454, 0.02999456226825714, 0.03012530878186226, 0.030311008915305138, 0.0311930850148201, 0.02848828211426735, 0.029353830963373184, 0.02903682552278042, 0.02836192399263382, 0.028238916769623756, 0.0284686628729105, 0.027374690398573875, 0.02818910963833332, 0.02840522862970829, 0.027640366926789284], "val_accuracy": [0.6375476121902466, 0.6239230632781982, 0.5775395631790161, 0.5387697815895081, 0.5667200684547424, 0.5971749424934387, 0.5399719476699829, 0.5290523171424866, 0.5212382078170776, 0.5333600640296936, 0.5314566493034363, 0.5421758890151978, 0.5362652540206909, 0.5192345976829529, 0.5517932176589966, 0.5177319049835205, 0.5213384032249451, 0.5192345976829529, 0.517431378364563, 0.5102183818817139], "val_loss": [3.325721025466919, 3.3998663425445557, 3.9957776069641113, 4.601813793182373, 4.174786567687988, 3.686453104019165, 4.708157062530518, 4.871745586395264, 5.199310302734375, 4.804982662200928, 5.054080009460449, 4.995084285736084, 4.917753219604492, 5.550227642059326, 4.810632705688477, 5.958634376525879, 5.877068042755127, 5.791046619415283, 6.16591215133667, 6.613895416259766]}