{"accuracy": [0.9787752628326416, 0.9820331335067749, 0.9826964139938354, 0.9831646084785461, 0.98294997215271, 0.9834572076797485, 0.983437716960907, 0.9831646084785461, 0.9836132526397705, 0.9838278889656067, 0.9835547208786011, 0.9838668704032898, 0.9841009974479675, 0.9840424656867981, 0.9844130873680115, 0.984354555606842, 0.984354555606842, 0.9842570424079895, 0.9844911098480225, 0.9849593043327332, 0.9852129220962524, 0.9851348996162415, 0.9847642183303833, 0.9853885173797607, 0.985154390335083, 0.985954225063324, 0.9857786893844604, 0.9860907793045044, 0.9862468838691711, 0.9862273335456848], "loss": [0.0620020255446434, 0.05183550342917442, 0.049375973641872406, 0.04693544656038284, 0.046501755714416504, 0.045896247029304504, 0.044444259256124496, 0.044691301882267, 0.043724820017814636, 0.043106917291879654, 0.043066009879112244, 0.04251905158162117, 0.04194100201129913, 0.041332781314849854, 0.041433561593294144, 0.04024781286716461, 0.03986320644617081, 0.03976650536060333, 0.03882322832942009, 0.037666741758584976, 0.037767983973026276, 0.03748305141925812, 0.03773297742009163, 0.0364806093275547, 0.036324143409729004, 0.03645223751664162, 0.035493649542331696, 0.035302918404340744, 0.03494464233517647, 0.0338936485350132], "val_accuracy": [0.867888331413269, 0.8419986963272095, 0.7991690039634705, 0.7998082041740417, 0.8148306012153625, 0.820903480052948, 0.8122736215591431, 0.7780737280845642, 0.7955465316772461, 0.8295333385467529, 0.7991690039634705, 0.7530364394187927, 0.7648625373840332, 0.7847858667373657, 0.7816961407661438, 0.7677391767501831, 0.7628382444381714, 0.7734924554824829, 0.7596420049667358, 0.7257617712020874, 0.7604943513870239, 0.7310888767242432, 0.6947581768035889, 0.6782441735267639, 0.5849137306213379, 0.6806946396827698, 0.5389942526817322, 0.554016649723053, 0.6124014258384705, 0.5511400103569031], "val_loss": [0.30828070640563965, 0.36953267455101013, 0.4676365256309509, 0.4243115782737732, 0.3867843747138977, 0.36274030804634094, 0.4092980623245239, 0.4323207139968872, 0.43458518385887146, 0.3864676356315613, 0.5032522082328796, 0.5607995390892029, 0.5706028938293457, 0.538238525390625, 0.6126676201820374, 0.7784354090690613, 0.8620275259017944, 0.8849505186080933, 1.2747437953948975, 1.448804497718811, 1.469925880432129, 1.435107707977295, 1.604222059249878, 2.1384878158569336, 3.1130096912384033, 2.475665330886841, 4.378571033477783, 4.393868923187256, 3.164604425430298, 4.34248161315918]}