{"accuracy": [0.9869833588600159, 0.9884960055351257, 0.9886685013771057, 0.9891328811645508, 0.9893717169761658, 0.9898626804351807, 0.9902607202529907, 0.9903801679611206, 0.9905658960342407, 0.9909905195236206, 0.9910568594932556, 0.9911895394325256, 0.9909905195236206, 0.9912956953048706, 0.9916539788246155, 0.9917866587638855, 0.9915875792503357, 0.9918928146362305, 0.9920520186424255, 0.9922643303871155, 0.9923439025878906, 0.9927818179130554, 0.9925562143325806, 0.9925163984298706, 0.9926093220710754, 0.9929808378219604, 0.9930604100227356, 0.9936044812202454, 0.9937106370925903, 0.9936708211898804], "loss": [0.03933301940560341, 0.032680854201316833, 0.03203955292701721, 0.030022859573364258, 0.029023054987192154, 0.02816956862807274, 0.02731124311685562, 0.026763202622532845, 0.025885162875056267, 0.025211002677679062, 0.02412332408130169, 0.023775294423103333, 0.023602299392223358, 0.022373033687472343, 0.021863441914319992, 0.0211239755153656, 0.020625069737434387, 0.019976362586021423, 0.019654687494039536, 0.01880030147731304, 0.018384795635938644, 0.017622046172618866, 0.01762690208852291, 0.01707961969077587, 0.01674630306661129, 0.01591319404542446, 0.01661037467420101, 0.014941244386136532, 0.014564206823706627, 0.014624206349253654], "val_accuracy": [0.8385893702507019, 0.660345196723938, 0.6390368342399597, 0.6764329671859741, 0.738227128982544, 0.7012571692466736, 0.7844662070274353, 0.8270828723907471, 0.7499467134475708, 0.7857447266578674, 0.8016194105148315, 0.8548902869224548, 0.8325164914131165, 0.8743873834609985, 0.8799275755882263, 0.8727892637252808, 0.8748135566711426, 0.8643724918365479, 0.9004901051521301, 0.8979330658912659, 0.8894097805023193, 0.8896228671073914, 0.8732154369354248, 0.9106115698814392, 0.8766247630119324, 0.9149797558784485, 0.9010227918624878, 0.8845088481903076, 0.9151928424835205, 0.9118900299072266], "val_loss": [0.44973620772361755, 1.3246803283691406, 2.08970046043396, 1.549734115600586, 1.2611209154129028, 1.5367037057876587, 0.9977556467056274, 0.8986557722091675, 1.546607494354248, 1.0737476348876953, 1.171913743019104, 0.9171716570854187, 0.9374828338623047, 0.6083071231842041, 0.8387851715087891, 0.9206743240356445, 0.9411824345588684, 0.7940417528152466, 0.5414692759513855, 0.5538861155509949, 0.5626236796379089, 0.500790536403656, 0.5761339068412781, 0.3338564336299896, 0.6542681455612183, 0.3332473635673523, 0.3766382038593292, 0.5067490339279175, 0.3349887430667877, 0.3008494973182678]}