{"accuracy": [0.9898900389671326, 0.9903799295425415, 0.990461528301239, 0.9894954562187195, 0.9899852871894836, 0.9903662800788879, 0.9899716973304749, 0.9907609224319458, 0.9904479384422302, 0.9895226955413818, 0.9906656742095947, 0.9912915825843811, 0.9905295968055725, 0.991101086139679, 0.9906520247459412, 0.9903391003608704, 0.9910330176353455, 0.9905023574829102, 0.9910330176353455, 0.9913187623023987], "loss": [0.024904441088438034, 0.025272876024246216, 0.023981371894478798, 0.02707836590707302, 0.024047506973147392, 0.024885311722755432, 0.02520173043012619, 0.023440280929207802, 0.02375761605799198, 0.026557739824056625, 0.024200689047574997, 0.022776860743761063, 0.024418171495199203, 0.023298228159546852, 0.023517025634646416, 0.024046828970313072, 0.022425180301070213, 0.024402623996138573, 0.02199769951403141, 0.022360017523169518], "val_accuracy": [0.5410593748092651, 0.5489999055862427, 0.5395517349243164, 0.5372399091720581, 0.5514122247695923, 0.5468891263008118, 0.552115797996521, 0.5506080985069275, 0.5527188777923584, 0.5371394157409668, 0.5514122247695923, 0.5495024919509888, 0.545783519744873, 0.5402553081512451, 0.5530204176902771, 0.5406573414802551, 0.5470901727676392, 0.5548296570777893, 0.5440747737884521, 0.5367373824119568], "val_loss": [5.412693500518799, 4.9198198318481445, 5.161120414733887, 5.304770469665527, 5.1065802574157715, 5.005950927734375, 5.08279275894165, 4.9930524826049805, 5.116333961486816, 5.482717990875244, 5.529194355010986, 5.60910701751709, 5.364144802093506, 5.39260721206665, 5.382033348083496, 5.5127692222595215, 5.447055339813232, 5.2943291664123535, 5.501236438751221, 5.641433238983154]}