{"accuracy": [0.9884706735610962, 0.9887868762016296, 0.9888772368431091, 0.9883577823638916, 0.9886965751647949, 0.98871910572052, 0.9884706735610962, 0.9888885021209717, 0.9891369342803955, 0.9893853664398193, 0.9890691637992859, 0.9894079566001892, 0.989227294921875, 0.989453136920929, 0.9893966317176819, 0.9891933798789978, 0.9891707897186279, 0.9896450638771057, 0.9896902441978455, 0.9895095825195312], "loss": [0.03106938675045967, 0.03062693029642105, 0.03029579110443592, 0.030987277626991272, 0.030677029862999916, 0.030539164319634438, 0.030655542388558388, 0.02979397214949131, 0.029969211667776108, 0.029606932774186134, 0.029037924483418465, 0.02949749305844307, 0.029289353638887405, 0.029196009039878845, 0.02942860871553421, 0.028963463380932808, 0.028828268870711327, 0.028157571330666542, 0.02840508706867695, 0.028804413974285126], "val_accuracy": [0.5718293190002441, 0.5733320116996765, 0.6769184470176697, 0.6056902408599854, 0.5626127123832703, 0.5580043792724609, 0.5521939396858215, 0.5628130435943604, 0.5604087114334106, 0.5623121857643127, 0.5552995204925537, 0.5607092976570129, 0.548186719417572, 0.5476858615875244, 0.5540973544120789, 0.5442796945571899, 0.5445802211761475, 0.5509917736053467, 0.5519936084747314, 0.5252454280853271], "val_loss": [4.50676155090332, 4.7109293937683105, 3.6183271408081055, 4.309511184692383, 5.472283840179443, 5.828493118286133, 6.443902015686035, 5.653424263000488, 5.912524223327637, 5.939141750335693, 6.608510971069336, 5.995033264160156, 6.8309173583984375, 6.8014936447143555, 6.650078773498535, 6.924086570739746, 7.008933067321777, 6.888462543487549, 7.012575149536133, 7.390045642852783]}