{"accuracy": [0.9958896636962891, 0.9960025548934937, 0.9958557486534119, 0.9957767128944397, 0.9962058067321777, 0.9961945414543152, 0.9962509870529175, 0.9960364699363708, 0.9959461092948914, 0.9959799647331238, 0.9959009289741516, 0.9961493611335754, 0.9960590600967407, 0.9962283968925476, 0.9957541227340698, 0.9962397217750549, 0.9962961673736572, 0.9961380958557129, 0.9960364699363708, 0.9960703253746033, 0.9959912896156311, 0.996013879776001, 0.9959912896156311, 0.9963977932929993, 0.9960025548934937, 0.9962735772132874, 0.9961041808128357, 0.9963752031326294, 0.996341347694397, 0.9960477352142334], "loss": [0.010985218919813633, 0.010568784549832344, 0.01003570668399334, 0.011323082260787487, 0.010777686722576618, 0.010226448066532612, 0.011190040968358517, 0.010673482902348042, 0.010898882523179054, 0.009916489943861961, 0.010620526038110256, 0.010017274878919125, 0.01120017096400261, 0.010634009726345539, 0.010869640856981277, 0.010250411927700043, 0.010436742566525936, 0.009812431409955025, 0.010958071798086166, 0.010960347019135952, 0.010083140805363655, 0.010793926194310188, 0.010154285468161106, 0.010052463039755821, 0.00982667040079832, 0.009455280378460884, 0.009817964397370815, 0.009900957345962524, 0.009896493516862392, 0.010716893710196018], "val_accuracy": [0.5068851113319397, 0.5068851113319397, 0.5068851113319397, 0.5068851113319397, 0.5068851113319397, 0.5068851113319397, 0.5068851113319397, 0.5068851113319397, 0.5068851113319397, 0.5068851113319397, 0.5068851113319397, 0.5068851113319397, 0.5068851113319397, 0.5068851113319397, 0.5068851113319397, 0.5068851113319397, 0.5068851113319397, 0.5068851113319397, 0.5068851113319397, 0.5068851113319397, 0.5068851113319397, 0.5068851113319397, 0.5068851113319397, 0.5068851113319397, 0.5068851113319397, 0.5068851113319397, 0.5068851113319397, 0.5068851113319397, 0.5068851113319397, 0.5068851113319397], "val_loss": [22.029930114746094, 21.91446876525879, 19.42789649963379, 23.173879623413086, 20.795854568481445, 21.631132125854492, 20.85167121887207, 19.14611053466797, 18.83922576904297, 21.614974975585938, 19.921123504638672, 19.10011100769043, 19.63992691040039, 21.504148483276367, 18.114171981811523, 19.255651473999023, 20.856185913085938, 19.6667537689209, 17.814512252807617, 16.515087127685547, 17.144969940185547, 18.534543991088867, 17.086305618286133, 19.49738121032715, 19.092836380004883, 20.758737564086914, 20.478412628173828, 20.704303741455078, 18.380067825317383, 17.79909324645996]}