{"accuracy": [0.9937328696250916, 0.9937893152236938, 0.9936876893043518, 0.9937215447425842, 0.9942409992218018, 0.9936086535453796, 0.9942409992218018, 0.9941055178642273, 0.9945684671401978, 0.9942522644996643, 0.9941055178642273, 0.99409419298172, 0.9943087697029114, 0.994297444820404, 0.9946814179420471, 0.9941732287406921, 0.9949185252189636, 0.9946023225784302, 0.9945346117019653, 0.9948394894599915, 0.9950879216194153, 0.9950201511383057, 0.994523286819458, 0.994749128818512, 0.9950653314590454, 0.9948733448982239, 0.9950991868972778, 0.9950991868972778, 0.9952121376991272, 0.9950991868972778], "loss": [0.016406897455453873, 0.015624720603227615, 0.015729695558547974, 0.01546925026923418, 0.015259185805916786, 0.015142072923481464, 0.014666478149592876, 0.015245772898197174, 0.014077416621148586, 0.014325953088700771, 0.014358538202941418, 0.013826753944158554, 0.014537317678332329, 0.014208811335265636, 0.013302996754646301, 0.014428469352424145, 0.012786023318767548, 0.013875244185328484, 0.014264575205743313, 0.012671145610511303, 0.012735070660710335, 0.01302034966647625, 0.013362804427742958, 0.013649743981659412, 0.013113576918840408, 0.01274966448545456, 0.012674440629780293, 0.012703180313110352, 0.012597254477441311, 0.012641471810638905], "val_accuracy": [0.5529953837394714, 0.5608094334602356, 0.542877197265625, 0.6609897613525391, 0.556201159954071, 0.6313363909721375, 0.535864531993866, 0.5419755578041077, 0.5331596732139587, 0.534862756729126, 0.5248447060585022, 0.5400721430778503, 0.543878972530365, 0.5611100196838379, 0.5389701724052429, 0.5102183818817139, 0.5067120790481567, 0.5086154937744141, 0.5038068294525146, 0.5032057762145996, 0.5039070248603821, 0.5031055808067322, 0.5252454280853271, 0.5175315737724304, 0.5101181864738464, 0.5018032193183899, 0.5044079422950745, 0.5190342664718628, 0.5073131918907166, 0.508014440536499], "val_loss": [5.878299713134766, 5.597073078155518, 7.466531753540039, 3.2714147567749023, 5.804073333740234, 3.445613145828247, 6.693080425262451, 6.670942306518555, 7.88233757019043, 6.631338119506836, 7.460024833679199, 6.327061653137207, 4.888725280761719, 4.806280136108398, 6.3398871421813965, 8.522160530090332, 10.846735954284668, 11.194281578063965, 12.444602966308594, 13.02883243560791, 10.686051368713379, 14.39537239074707, 6.570175647735596, 10.907869338989258, 11.587724685668945, 13.250544548034668, 12.828221321105957, 12.501548767089844, 10.42184829711914, 10.834211349487305]}