{"accuracy": [0.9835742712020874, 0.9837693572044373, 0.9839059114456177, 0.983359694480896, 0.9839059114456177, 0.9840034246444702, 0.9843741059303284, 0.9841594696044922, 0.9841985106468201, 0.9842180013656616, 0.984354555606842, 0.9844716191291809, 0.9841985106468201, 0.9845496416091919, 0.9845106601715088, 0.9847057461738586, 0.9842570424079895, 0.9846861958503723, 0.9845301508903503, 0.9847447276115417], "loss": [0.04357719421386719, 0.04281092435121536, 0.042386602610349655, 0.04272628203034401, 0.042275648564100266, 0.04171038791537285, 0.04081820696592331, 0.041085708886384964, 0.04052077606320381, 0.040835462510585785, 0.040653813630342484, 0.03977285698056221, 0.0398133359849453, 0.03933282569050789, 0.03925362229347229, 0.039393696933984756, 0.039201341569423676, 0.03841312229633331, 0.03957271948456764, 0.037894174456596375], "val_accuracy": [0.5948702692985535, 0.5815409421920776, 0.5973947048187256, 0.6066848635673523, 0.5952741503715515, 0.6202160716056824, 0.5990104079246521, 0.6004241108894348, 0.6140563488006592, 0.6510148644447327, 0.6449560523033142, 0.6114308834075928, 0.6588912606239319, 0.6710087656974792, 0.6446531414985657, 0.6783803105354309, 0.7064526081085205, 0.6983742117881775, 0.6972634792327881, 0.741896390914917], "val_loss": [1.7203571796417236, 1.8239574432373047, 1.4654252529144287, 1.4528800249099731, 1.6003769636154175, 1.5788023471832275, 1.6205575466156006, 1.7845523357391357, 1.842671513557434, 1.73733651638031, 1.5795533657073975, 1.8717998266220093, 1.5796358585357666, 1.705971121788025, 1.9867792129516602, 1.7596278190612793, 1.6878443956375122, 1.7087242603302002, 1.5869582891464233, 1.3996740579605103]}