{"accuracy": [0.9851154088973999, 0.9859347343444824, 0.9865004420280457, 0.9855640530586243, 0.9854860305786133, 0.985876202583313, 0.9858371615409851, 0.9858956933021545, 0.9854665398597717, 0.9858176708221436, 0.9857786893844604, 0.9860907793045044, 0.9860517978668213, 0.986598014831543, 0.9855055212974548, 0.986676037311554, 0.9849007725715637, 0.9857591390609741, 0.9864614605903625, 0.9857006072998047], "loss": [0.03590501844882965, 0.034298233687877655, 0.034450218081474304, 0.03492046892642975, 0.03572913259267807, 0.03566949814558029, 0.0358346663415432, 0.03495548292994499, 0.03533382713794708, 0.034527912735939026, 0.03517794981598854, 0.03437306731939316, 0.03427182510495186, 0.033398035913705826, 0.03552757203578949, 0.033446405082941055, 0.036257196217775345, 0.03419647738337517, 0.03359760344028473, 0.0354359932243824], "val_accuracy": [0.8800206780433655, 0.8897515535354614, 0.8967908620834351, 0.8899586200714111, 0.8773291707038879, 0.8838509321212769, 0.8811594247817993, 0.8711180090904236, 0.8782608509063721, 0.8596273064613342, 0.8811594247817993, 0.8818840384483337, 0.8465838432312012, 0.8639751672744751, 0.8595238327980042, 0.8072463870048523, 0.8233954310417175, 0.829399585723877, 0.8164596557617188, 0.8105590343475342], "val_loss": [0.41268467903137207, 0.32137835025787354, 0.30051082372665405, 0.32516226172447205, 0.4073823094367981, 0.39637136459350586, 0.41042155027389526, 0.5235782861709595, 0.4764757752418518, 0.47939902544021606, 0.37708744406700134, 0.3995616137981415, 0.5461804866790771, 0.40852341055870056, 0.45800790190696716, 0.7682712078094482, 0.6540126800537109, 0.6239534020423889, 0.6793661713600159, 0.6741136908531189]}