{"accuracy": [0.9951217770576477, 0.99517822265625, 0.9956299066543579, 0.994805634021759, 0.995404064655304, 0.9953927993774414, 0.9949637055397034, 0.9952573180198669, 0.9951895475387573, 0.9955847859382629, 0.9952685832977295, 0.9954153895378113, 0.9953815340995789, 0.9953476190567017, 0.9951895475387573, 0.9951895475387573, 0.9952911734580994, 0.9955960512161255, 0.9953927993774414, 0.9957202672958374, 0.9954944252967834, 0.9955508708953857, 0.9955396056175232, 0.9955734610557556, 0.9957315921783447, 0.9954153895378113, 0.9956976771354675, 0.9956976771354675, 0.9959799647331238, 0.9962171316146851], "loss": [0.012802481651306152, 0.012388653121888638, 0.012013374827802181, 0.01277226209640503, 0.012403885833919048, 0.011755809187889099, 0.013108614832162857, 0.012219326570630074, 0.012778213247656822, 0.011611461639404297, 0.012550260871648788, 0.011835499666631222, 0.011543380096554756, 0.011881566606462002, 0.011950429528951645, 0.012185672298073769, 0.012127457186579704, 0.011976385489106178, 0.012744427658617496, 0.011270503513514996, 0.011295834556221962, 0.011101754382252693, 0.011356348171830177, 0.011538544669747353, 0.01065716240555048, 0.012712286785244942, 0.01150035671889782, 0.011008578352630138, 0.010499813593924046, 0.01082296296954155], "val_accuracy": [0.5175983309745789, 0.5175983309745789, 0.5175983309745789, 0.5175983309745789, 0.5175983309745789, 0.5175983309745789, 0.5175983309745789, 0.5175983309745789, 0.5175983309745789, 0.5175983309745789, 0.5175983309745789, 0.5175983309745789, 0.5175983309745789, 0.5175983309745789, 0.5175983309745789, 0.5175983309745789, 0.5175983309745789, 0.5175983309745789, 0.5175983309745789, 0.5175983309745789, 0.5175983309745789, 0.5175983309745789, 0.5175983309745789, 0.5175983309745789, 0.5175983309745789, 0.5175983309745789, 0.5175983309745789, 0.5175983309745789, 0.5175983309745789, 0.5175983309745789], "val_loss": [25.695337295532227, 28.99592399597168, 26.313613891601562, 26.246440887451172, 29.038908004760742, 30.940889358520508, 28.181333541870117, 30.05000877380371, 27.870927810668945, 29.180767059326172, 25.31848907470703, 27.059553146362305, 27.052766799926758, 23.339229583740234, 28.622936248779297, 23.19786262512207, 23.484712600708008, 28.11690902709961, 26.80086898803711, 26.98636817932129, 27.517539978027344, 27.758440017700195, 29.04021644592285, 30.855680465698242, 29.6533260345459, 28.648744583129883, 25.84712791442871, 29.174776077270508, 26.307920455932617, 28.149890899658203]}