{"accuracy": [0.984316349029541, 0.9874212145805359, 0.9883500337600708, 0.9889073371887207, 0.9889471530914307, 0.9887878894805908, 0.9891461730003357, 0.9894645810127258, 0.9895840287208557, 0.9898759126663208, 0.9899953603744507, 0.9900351762771606, 0.9900749921798706, 0.9902474880218506, 0.9901545643806458, 0.9904332160949707, 0.9907383918762207, 0.9906455278396606, 0.9906190037727356, 0.9906588196754456], "loss": [0.052062373608350754, 0.03588630259037018, 0.03397323563694954, 0.03199721872806549, 0.03132036700844765, 0.030955692753195763, 0.029546674340963364, 0.028890853747725487, 0.02855384163558483, 0.028397109359502792, 0.02768821269273758, 0.027477620169520378, 0.027030659839510918, 0.02654767781496048, 0.026847390457987785, 0.026240747421979904, 0.02556006982922554, 0.025446131825447083, 0.025148442015051842, 0.02525380626320839], "val_accuracy": [0.5440016984939575, 0.6340293884277344, 0.8857873678207397, 0.9372469782829285, 0.9188152551651001, 0.9167909622192383, 0.9075218439102173, 0.8962284326553345, 0.8921798467636108, 0.8911144137382507, 0.8875985741615295, 0.880460262298584, 0.9011293649673462, 0.8984658122062683, 0.8922863602638245, 0.8949499130249023, 0.8923929333686829, 0.9000639319419861, 0.8856807947158813, 0.8946303129196167], "val_loss": [1.2545013427734375, 0.9724633693695068, 0.26126188039779663, 0.18325619399547577, 0.23202908039093018, 0.2260664403438568, 0.260865181684494, 0.27887317538261414, 0.3013193607330322, 0.3030504286289215, 0.3269898295402527, 0.35101011395454407, 0.2902733087539673, 0.3056683838367462, 0.3198382258415222, 0.32412925362586975, 0.33128848671913147, 0.2957819104194641, 0.35289475321769714, 0.3096943795681]}